<?xml version="1.0"?>
<!--<!DOCTYPE metadata SYSTEM "http://www.esri.com/metadata/esriprof80.dtd">-->
<metadata xml:lang="cs"><Esri><CreaDate>20230201</CreaDate><CreaTime>17545700</CreaTime><SyncOnce>FALSE</SyncOnce><SyncDate>20230207</SyncDate><SyncTime>16364500</SyncTime><ModDate>20230207</ModDate><ModTime>16364500</ModTime><DataProperties><lineage><Process ToolSource="C:\Program Files\ArcGIS\ArcToolbox\Toolboxes\Data Management Tools.tbx\Merge" Date="20130121" Time="162858">Merge P:\PRALESY-ZDROJ\LOKALITY\ZF\SIGEO_WRK\1\11LEZICI_2008_line.shp;P:\PRALESY-ZDROJ\LOKALITY\ZF\SIGEO_WRK\1\12LEZICI_2008_line.shp;P:\PRALESY-ZDROJ\LOKALITY\ZF\SIGEO_WRK\1\22LEZICI_2008_line.shp;P:\PRALESY-ZDROJ\LOKALITY\ZF\SIGEO_WRK\1\24LEZICI_2008_line.shp;P:\PRALESY-ZDROJ\LOKALITY\ZF\SIGEO_WRK\1\31LEZICI_2008_line.shp;P:\PRALESY-ZDROJ\LOKALITY\ZF\SIGEO_WRK\1\32LEZICI_2008_line.shp;P:\PRALESY-ZDROJ\LOKALITY\ZF\SIGEO_WRK\1\33LEZICI_2008_line.shp;P:\PRALESY-ZDROJ\LOKALITY\ZF\SIGEO_WRK\1\34LEZICI_2008_line.shp;P:\PRALESY-ZDROJ\LOKALITY\ZF\SIGEO_WRK\1\35LEZICI_2008_line.shp;P:\PRALESY-ZDROJ\LOKALITY\ZF\SIGEO_WRK\1\41LEZICI_2008_line.shp;P:\PRALESY-ZDROJ\LOKALITY\ZF\SIGEO_WRK\1\42LEZICI_2008_line.shp;P:\PRALESY-ZDROJ\LOKALITY\ZF\SIGEO_WRK\1\43LEZICI_2008_line.shp;P:\PRALESY-ZDROJ\LOKALITY\ZF\SIGEO_WRK\1\44LEZICI_2008_line.shp;P:\PRALESY-ZDROJ\LOKALITY\ZF\SIGEO_WRK\1\51LEZICI_2008_line.shp;P:\PRALESY-ZDROJ\LOKALITY\ZF\SIGEO_WRK\1\52LEZICI_2008_line.shp;P:\PRALESY-ZDROJ\LOKALITY\ZF\SIGEO_WRK\1\53LEZICI_2008_line.shp;P:\PRALESY-ZDROJ\LOKALITY\ZF\SIGEO_WRK\1\54LEZICI_2008_line.shp;P:\PRALESY-ZDROJ\LOKALITY\ZF\SIGEO_WRK\1\55LEZICI_2008_line.shp P:\PRALESY-ZDROJ\LOKALITY\ZF\SIGEO_WRK\1\Merge_2012_LEZICI.shp "IDfull 'IDfull' true true false 21 Text 0 0 ,First,#,P:\PRALESY-ZDROJ\LOKALITY\ZF\SIGEO_WRK\1\11LEZICI_2008_line.shp,IDfull,-1,-1,P:\PRALESY-ZDROJ\LOKALITY\ZF\SIGEO_WRK\1\12LEZICI_2008_line.shp,IDfull,-1,-1,P:\PRALESY-ZDROJ\LOKALITY\ZF\SIGEO_WRK\1\22LEZICI_2008_line.shp,IDfull,-1,-1,P:\PRALESY-ZDROJ\LOKALITY\ZF\SIGEO_WRK\1\24LEZICI_2008_line.shp,IDfull,-1,-1,P:\PRALESY-ZDROJ\LOKALITY\ZF\SIGEO_WRK\1\31LEZICI_2008_line.shp,IDfull,-1,-1,P:\PRALESY-ZDROJ\LOKALITY\ZF\SIGEO_WRK\1\32LEZICI_2008_line.shp,IDfull,-1,-1,P:\PRALESY-ZDROJ\LOKALITY\ZF\SIGEO_WRK\1\33LEZICI_2008_line.shp,IDfull,-1,-1,P:\PRALESY-ZDROJ\LOKALITY\ZF\SIGEO_WRK\1\34LEZICI_2008_line.shp,IDfull,-1,-1,P:\PRALESY-ZDROJ\LOKALITY\ZF\SIGEO_WRK\1\35LEZICI_2008_line.shp,IDfull,-1,-1,P:\PRALESY-ZDROJ\LOKALITY\ZF\SIGEO_WRK\1\41LEZICI_2008_line.shp,IDfull,-1,-1,P:\PRALESY-ZDROJ\LOKALITY\ZF\SIGEO_WRK\1\42LEZICI_2008_line.shp,IDfull,-1,-1,P:\PRALESY-ZDROJ\LOKALITY\ZF\SIGEO_WRK\1\43LEZICI_2008_line.shp,IDfull,-1,-1,P:\PRALESY-ZDROJ\LOKALITY\ZF\SIGEO_WRK\1\44LEZICI_2008_line.shp,IDfull,-1,-1,P:\PRALESY-ZDROJ\LOKALITY\ZF\SIGEO_WRK\1\51LEZICI_2008_line.shp,IDfull,-1,-1,P:\PRALESY-ZDROJ\LOKALITY\ZF\SIGEO_WRK\1\52LEZICI_2008_line.shp,IDfull,-1,-1,P:\PRALESY-ZDROJ\LOKALITY\ZF\SIGEO_WRK\1\53LEZICI_2008_line.shp,IDfull,-1,-1,P:\PRALESY-ZDROJ\LOKALITY\ZF\SIGEO_WRK\1\54LEZICI_2008_line.shp,IDfull,-1,-1,P:\PRALESY-ZDROJ\LOKALITY\ZF\SIGEO_WRK\1\55LEZICI_2008_line.shp,IDfull,-1,-1;IDPlocha 'IDPlocha' true true false 10 Double 0 10 ,First,#,P:\PRALESY-ZDROJ\LOKALITY\ZF\SIGEO_WRK\1\11LEZICI_2008_line.shp,IDPlocha,-1,-1,P:\PRALESY-ZDROJ\LOKALITY\ZF\SIGEO_WRK\1\12LEZICI_2008_line.shp,IDPlocha,-1,-1,P:\PRALESY-ZDROJ\LOKALITY\ZF\SIGEO_WRK\1\22LEZICI_2008_line.shp,IDPlocha,-1,-1,P:\PRALESY-ZDROJ\LOKALITY\ZF\SIGEO_WRK\1\24LEZICI_2008_line.shp,IDPlocha,-1,-1,P:\PRALESY-ZDROJ\LOKALITY\ZF\SIGEO_WRK\1\31LEZICI_2008_line.shp,IDPlocha,-1,-1,P:\PRALESY-ZDROJ\LOKALITY\ZF\SIGEO_WRK\1\32LEZICI_2008_line.shp,IDPlocha,-1,-1,P:\PRALESY-ZDROJ\LOKALITY\ZF\SIGEO_WRK\1\33LEZICI_2008_line.shp,IDPlocha,-1,-1,P:\PRALESY-ZDROJ\LOKALITY\ZF\SIGEO_WRK\1\34LEZICI_2008_line.shp,IDPlocha,-1,-1,P:\PRALESY-ZDROJ\LOKALITY\ZF\SIGEO_WRK\1\35LEZICI_2008_line.shp,IDPlocha,-1,-1,P:\PRALESY-ZDROJ\LOKALITY\ZF\SIGEO_WRK\1\41LEZICI_2008_line.shp,IDPlocha,-1,-1,P:\PRALESY-ZDROJ\LOKALITY\ZF\SIGEO_WRK\1\42LEZICI_2008_line.shp,IDPlocha,-1,-1,P:\PRALESY-ZDROJ\LOKALITY\ZF\SIGEO_WRK\1\43LEZICI_2008_line.shp,IDPlocha,-1,-1,P:\PRALESY-ZDROJ\LOKALITY\ZF\SIGEO_WRK\1\44LEZICI_2008_line.shp,IDPlocha,-1,-1,P:\PRALESY-ZDROJ\LOKALITY\ZF\SIGEO_WRK\1\51LEZICI_2008_line.shp,IDPlocha,-1,-1,P:\PRALESY-ZDROJ\LOKALITY\ZF\SIGEO_WRK\1\52LEZICI_2008_line.shp,IDPlocha,-1,-1,P:\PRALESY-ZDROJ\LOKALITY\ZF\SIGEO_WRK\1\53LEZICI_2008_line.shp,IDPlocha,-1,-1,P:\PRALESY-ZDROJ\LOKALITY\ZF\SIGEO_WRK\1\54LEZICI_2008_line.shp,IDPlocha,-1,-1,P:\PRALESY-ZDROJ\LOKALITY\ZF\SIGEO_WRK\1\55LEZICI_2008_line.shp,IDPlocha,-1,-1;ID 'ID' true true false 10 Double 0 10 ,First,#,P:\PRALESY-ZDROJ\LOKALITY\ZF\SIGEO_WRK\1\11LEZICI_2008_line.shp,ID,-1,-1,P:\PRALESY-ZDROJ\LOKALITY\ZF\SIGEO_WRK\1\12LEZICI_2008_line.shp,ID,-1,-1,P:\PRALESY-ZDROJ\LOKALITY\ZF\SIGEO_WRK\1\22LEZICI_2008_line.shp,ID,-1,-1,P:\PRALESY-ZDROJ\LOKALITY\ZF\SIGEO_WRK\1\24LEZICI_2008_line.shp,ID,-1,-1,P:\PRALESY-ZDROJ\LOKALITY\ZF\SIGEO_WRK\1\31LEZICI_2008_line.shp,ID,-1,-1,P:\PRALESY-ZDROJ\LOKALITY\ZF\SIGEO_WRK\1\32LEZICI_2008_line.shp,ID,-1,-1,P:\PRALESY-ZDROJ\LOKALITY\ZF\SIGEO_WRK\1\33LEZICI_2008_line.shp,ID,-1,-1,P:\PRALESY-ZDROJ\LOKALITY\ZF\SIGEO_WRK\1\34LEZICI_2008_line.shp,ID,-1,-1,P:\PRALESY-ZDROJ\LOKALITY\ZF\SIGEO_WRK\1\35LEZICI_2008_line.shp,ID,-1,-1,P:\PRALESY-ZDROJ\LOKALITY\ZF\SIGEO_WRK\1\41LEZICI_2008_line.shp,ID,-1,-1,P:\PRALESY-ZDROJ\LOKALITY\ZF\SIGEO_WRK\1\42LEZICI_2008_line.shp,ID,-1,-1,P:\PRALESY-ZDROJ\LOKALITY\ZF\SIGEO_WRK\1\43LEZICI_2008_line.shp,ID,-1,-1,P:\PRALESY-ZDROJ\LOKALITY\ZF\SIGEO_WRK\1\44LEZICI_2008_line.shp,ID,-1,-1,P:\PRALESY-ZDROJ\LOKALITY\ZF\SIGEO_WRK\1\51LEZICI_2008_line.shp,ID,-1,-1,P:\PRALESY-ZDROJ\LOKALITY\ZF\SIGEO_WRK\1\52LEZICI_2008_line.shp,ID,-1,-1,P:\PRALESY-ZDROJ\LOKALITY\ZF\SIGEO_WRK\1\53LEZICI_2008_line.shp,ID,-1,-1,P:\PRALESY-ZDROJ\LOKALITY\ZF\SIGEO_WRK\1\54LEZICI_2008_line.shp,ID,-1,-1,P:\PRALESY-ZDROJ\LOKALITY\ZF\SIGEO_WRK\1\55LEZICI_2008_line.shp,ID,-1,-1;VYCETNI_TL 'VYCETNI_TL' true true false 3 Short 0 3 ,First,#,P:\PRALESY-ZDROJ\LOKALITY\ZF\SIGEO_WRK\1\11LEZICI_2008_line.shp,VYCETNI_TL,-1,-1,P:\PRALESY-ZDROJ\LOKALITY\ZF\SIGEO_WRK\1\12LEZICI_2008_line.shp,VYCETNI_TL,-1,-1,P:\PRALESY-ZDROJ\LOKALITY\ZF\SIGEO_WRK\1\55LEZICI_2008_line.shp,VYCETNI_TL,-1,-1;VRCHOL_TL 'VRCHOL_TL' true true false 2 Short 0 2 ,First,#,P:\PRALESY-ZDROJ\LOKALITY\ZF\SIGEO_WRK\1\11LEZICI_2008_line.shp,VRCHOL_TL,-1,-1,P:\PRALESY-ZDROJ\LOKALITY\ZF\SIGEO_WRK\1\12LEZICI_2008_line.shp,VRCHOL_TL,-1,-1,P:\PRALESY-ZDROJ\LOKALITY\ZF\SIGEO_WRK\1\55LEZICI_2008_line.shp,VRCHOL_TL,-1,-1;DREVINA 'DREVINA' true true false 2 Text 0 0 ,First,#,P:\PRALESY-ZDROJ\LOKALITY\ZF\SIGEO_WRK\1\11LEZICI_2008_line.shp,DREVINA,-1,-1,P:\PRALESY-ZDROJ\LOKALITY\ZF\SIGEO_WRK\1\12LEZICI_2008_line.shp,DREVINA,-1,-1,P:\PRALESY-ZDROJ\LOKALITY\ZF\SIGEO_WRK\1\55LEZICI_2008_line.shp,DREVINA,-1,-1;CH_TVAR 'CH_TVAR' true true false 1 Text 0 0 ,First,#,P:\PRALESY-ZDROJ\LOKALITY\ZF\SIGEO_WRK\1\11LEZICI_2008_line.shp,CH_TVAR,-1,-1,P:\PRALESY-ZDROJ\LOKALITY\ZF\SIGEO_WRK\1\12LEZICI_2008_line.shp,CH_TVAR,-1,-1,P:\PRALESY-ZDROJ\LOKALITY\ZF\SIGEO_WRK\1\55LEZICI_2008_line.shp,CH_TVAR,-1,-1;CH_ROZKLAD 'CH_ROZKLAD' true true false 1 Text 0 0 ,First,#,P:\PRALESY-ZDROJ\LOKALITY\ZF\SIGEO_WRK\1\11LEZICI_2008_line.shp,CH_ROZKLAD,-1,-1,P:\PRALESY-ZDROJ\LOKALITY\ZF\SIGEO_WRK\1\12LEZICI_2008_line.shp,CH_ROZKLAD,-1,-1,P:\PRALESY-ZDROJ\LOKALITY\ZF\SIGEO_WRK\1\55LEZICI_2008_line.shp,CH_ROZKLAD,-1,-1;STROM_ID 'STROM_ID' true true false 6 Long 0 6 ,First,#,P:\PRALESY-ZDROJ\LOKALITY\ZF\SIGEO_WRK\1\11LEZICI_2008_line.shp,STROM_ID,-1,-1,P:\PRALESY-ZDROJ\LOKALITY\ZF\SIGEO_WRK\1\12LEZICI_2008_line.shp,STROM_ID,-1,-1,P:\PRALESY-ZDROJ\LOKALITY\ZF\SIGEO_WRK\1\55LEZICI_2008_line.shp,STROM_ID,-1,-1;KMEN_ID 'KMEN_ID' true true false 1 Short 0 1 ,First,#,P:\PRALESY-ZDROJ\LOKALITY\ZF\SIGEO_WRK\1\11LEZICI_2008_line.shp,KMEN_ID,-1,-1,P:\PRALESY-ZDROJ\LOKALITY\ZF\SIGEO_WRK\1\12LEZICI_2008_line.shp,KMEN_ID,-1,-1,P:\PRALESY-ZDROJ\LOKALITY\ZF\SIGEO_WRK\1\55LEZICI_2008_line.shp,KMEN_ID,-1,-1"</Process><Process ToolSource="C:\Program Files\ArcGIS\ArcToolbox\Toolboxes\Data Management Tools.tbx\Merge" Date="20130627" Time="112202">Merge December_2012_LEZICI;_Merge_L_Joined D:\SIGEO_FINAL\m_ALL_gis\all_L.shp "IDfull 'IDfull' true true false 21 Text 0 0 ,First,#,December_2012_LEZICI,IDfull,-1,-1,_Merge_L_Joined,IDfull,-1,-1;IDPlocha 'IDPlocha' true true false 10 Double 0 10 ,First,#,December_2012_LEZICI,IDPlocha,-1,-1,_Merge_L_Joined,IDPlocha,-1,-1;ID 'ID' true true false 10 Double 0 10 ,First,#,December_2012_LEZICI,ID,-1,-1,_Merge_L_Joined,ID,-1,-1;VYCETNI_TL 'VYCETNI_TL' true true false 3 Short 0 3 ,First,#,December_2012_LEZICI,VYCETNI_TL,-1,-1,_Merge_L_Joined,VYCETNI_TL,-1,-1;VRCHOL_TL 'VRCHOL_TL' true true false 2 Short 0 2 ,First,#,December_2012_LEZICI,VRCHOL_TL,-1,-1,_Merge_L_Joined,VRCHOL_TL,-1,-1;DREVINA 'DREVINA' true true false 2 Text 0 0 ,First,#,December_2012_LEZICI,DREVINA,-1,-1,_Merge_L_Joined,DREVINA,-1,-1;CH_TVAR 'CH_TVAR' true true false 1 Text 0 0 ,First,#,December_2012_LEZICI,CH_TVAR,-1,-1,_Merge_L_Joined,CH_TVAR,-1,-1;CH_ROZKLAD 'CH_ROZKLAD' true true false 1 Text 0 0 ,First,#,December_2012_LEZICI,CH_ROZKLAD,-1,-1,_Merge_L_Joined,CH_ROZKLAD,-1,-1;STROM_ID 'STROM_ID' true true false 6 Long 0 6 ,First,#,December_2012_LEZICI,STROM_ID,-1,-1,_Merge_L_Joined,STROM_ID,-1,-1;KMEN_ID 'KMEN_ID' true true false 1 Short 0 1 ,First,#,December_2012_LEZICI,KMEN_ID,-1,-1,_Merge_L_Joined,KMEN_ID,-1,-1;DELKA 'DELKA' true true false 4 Float 1 3 ,First,#,December_2012_LEZICI,DELKA,-1,-1,_Merge_L_Joined,DELKA,-1,-1;CH_POLOHA 'CH_POLOHA' true true false 1 Text 0 0 ,First,#,December_2012_LEZICI,CH_POLOHA,-1,-1,_Merge_L_Joined,CH_POLOHA,-1,-1;CH_ORIENT 'CH_ORIENT' true true false 1 Text 0 0 ,First,#,December_2012_LEZICI,CH_ORIENT,-1,-1;VYSKA 'VYSKA' true true false 4 Float 1 3 ,First,#,December_2012_LEZICI,VYSKA,-1,-1;VYR_VYSKA 'VYR_VYSKA' true true false 4 Float 1 3 ,First,#,December_2012_LEZICI,VYR_VYSKA,-1,-1;ZAKLADNA 'ZAKLADNA' true true false 6 Float 4 5 ,First,#,December_2012_LEZICI,ZAKLADNA,-1,-1;OBJEM 'OBJEM' true true false 5 Float 2 4 ,First,#,December_2012_LEZICI,OBJEM,-1,-1;NOVY_LEZI 'NOVY_LEZI' true true false 4 Short 0 4 ,First,#,December_2012_LEZICI,NOVY_LEZI,-1,-1;POZNAMKA 'POZNAMKA' true true false 254 Text 0 0 ,First,#,_Merge_L_Joined,POZNAMKA,-1,-1"</Process><Process ToolSource="C:\Program Files\ArcGIS\ArcToolbox\Toolboxes\Data Management Tools.tbx\RepairGeometry" Date="20130627" Time="115441">RepairGeometry Deadwood DELETE_NULL Deadwood</Process><Process Name="Merge_1" ToolSource="C:\Program Files\ArcGIS\ArcToolbox\Toolboxes\Data Management Tools.tbx\Merge" Date="20130805" Time="125459">Merge 'all_L selection 2';'all_L padle 08 a domerene 13' "D:\PE\Rehorkova\ZOFIN_SOURCE\ZOFIN_AMEBA_MALA\SIGEO_gis_vrstvy_finalni\all_L_padle 08_domerene 13.shp" "IDfull IDfull true false false 21 Text 0 0 ,First,#,all_L selection 2,IDfull,-1,-1,all_L padle 08 a domerene 13,IDfull,-1,-1;IDPlocha IDPlocha true false false 10 Double 0 10 ,First,#,all_L selection 2,IDPlocha,-1,-1,all_L padle 08 a domerene 13,IDPlocha,-1,-1;ID ID true false false 10 Double 0 10 ,First,#,all_L selection 2,ID,-1,-1,all_L padle 08 a domerene 13,ID,-1,-1;VYCETNI_TL VYCETNI_TL true false false 3 Short 0 3 ,First,#,all_L selection 2,VYCETNI_TL,-1,-1,all_L padle 08 a domerene 13,VYCETNI_TL,-1,-1;VRCHOL_TL VRCHOL_TL true false false 2 Short 0 2 ,First,#,all_L selection 2,VRCHOL_TL,-1,-1,all_L padle 08 a domerene 13,VRCHOL_TL,-1,-1;CH_TVAR CH_TVAR true false false 1 Text 0 0 ,First,#,all_L selection 2,CH_TVAR,-1,-1,all_L padle 08 a domerene 13,CH_TVAR,-1,-1;CH_ROZKLAD CH_ROZKLAD true false false 1 Text 0 0 ,First,#,all_L selection 2,CH_ROZKLAD,-1,-1,all_L padle 08 a domerene 13,CH_ROZKLAD,-1,-1;STROM_ID STROM_ID true false false 6 Long 0 6 ,First,#,all_L selection 2,STROM_ID,-1,-1,all_L padle 08 a domerene 13,STROM_ID,-1,-1;KMEN_ID KMEN_ID true false false 1 Short 0 1 ,First,#,all_L selection 2,KMEN_ID,-1,-1,all_L padle 08 a domerene 13,KMEN_ID,-1,-1;DELKA DELKA true false false 4 Float 1 3 ,First,#,all_L selection 2,DELKA,-1,-1,all_L padle 08 a domerene 13,DELKA,-1,-1;CH_POLOHA CH_POLOHA true false false 1 Text 0 0 ,First,#,all_L selection 2,CH_POLOHA,-1,-1,all_L padle 08 a domerene 13,CH_POLOHA,-1,-1;CH_ORIENT CH_ORIENT true false false 1 Text 0 0 ,First,#,all_L selection 2,CH_ORIENT,-1,-1,all_L padle 08 a domerene 13,CH_ORIENT,-1,-1;VYSKA VYSKA true false false 4 Float 1 3 ,First,#,all_L selection 2,VYSKA,-1,-1,all_L padle 08 a domerene 13,VYSKA,-1,-1;VYR_VYSKA VYR_VYSKA true false false 4 Float 1 3 ,First,#,all_L selection 2,VYR_VYSKA,-1,-1,all_L padle 08 a domerene 13,VYR_VYSKA,-1,-1;ZAKLADNA ZAKLADNA true false false 6 Float 4 5 ,First,#,all_L selection 2,ZAKLADNA,-1,-1,all_L padle 08 a domerene 13,ZAKLADNA,-1,-1;OBJEM OBJEM true false false 5 Float 2 4 ,First,#,all_L selection 2,OBJEM,-1,-1,all_L padle 08 a domerene 13,OBJEM,-1,-1;NOVY_LEZI NOVY_LEZI true false false 4 Short 0 4 ,First,#,all_L selection 2,NOVY_LEZI,-1,-1,all_L padle 08 a domerene 13,NOVY_LEZI,-1,-1;POZNAMKA POZNAMKA true false false 254 Text 0 0 ,First,#,all_L selection 2,POZNAMKA,-1,-1,all_L padle 08 a domerene 13,POZNAMKA,-1,-1;Y_PATA Y_PATA true false false 19 Double 0 0 ,First,#,all_L selection 2,Y_PATA,-1,-1,all_L padle 08 a domerene 13,Y_PATA,-1,-1;X_PATA X_PATA true false false 19 Double 0 0 ,First,#,all_L selection 2,X_PATA,-1,-1,all_L padle 08 a domerene 13,X_PATA,-1,-1;FIVGFJLDH FIVGFJLDH true false false 12 Text 0 0 ,First,#,all_L selection 2,FIVGFJLDH,-1,-1,all_L padle 08 a domerene 13,FIVGFJLDH,-1,-1;PL_D PL_D true false false 12 Text 0 0 ,First,#,all_L selection 2,PL_D,-1,-1,all_L padle 08 a domerene 13,PL_D,-1,-1;ID_SK ID_SK true false false 12 Text 0 0 ,First,#,all_L selection 2,ID_SK,-1,-1,all_L padle 08 a domerene 13,ID_SK,-1,-1;POMOCNÝ POMOCNÝ true false false 6 Long 0 6 ,First,#,all_L selection 2,POMOCNÝ,-1,-1,all_L padle 08 a domerene 13,POMOCNÝ,-1,-1;KMENŮ KMENŮ true false false 2 Text 0 0 ,First,#,all_L selection 2,KMENŮ,-1,-1,all_L padle 08 a domerene 13,KMENŮ,-1,-1;OSDIHC OSDIHC true false false 12 Text 0 0 ,First,#,all_L selection 2,OSDIHC,-1,-1,all_L padle 08 a domerene 13,OSDIHC,-1,-1;DREVINA DREVINA true false false 4 Text 0 0 ,First,#,all_L selection 2,DREVINA,-1,-1,all_L padle 08 a domerene 13,DREVINA,-1,-1"</Process><Process Name="Merge_2" ToolSource="C:\Program Files\ArcGIS\ArcToolbox\Toolboxes\Data Management Tools.tbx\Merge" Date="20130805" Time="125657">Merge 'all_L_padle 08_domerene 13';ZF_2008_lezi D:\PE\Rehorkova\ZOFIN_SOURCE\ZOFIN_AMEBA_MALA\SIGEO_gis_vrstvy_finalni\all_L_padle08_domerene13_Mer.shp "IDfull IDfull true false false 21 Text 0 0 ,First,#,all_L_padle 08_domerene 13,IDfull,-1,-1,ZF_2008_lezi,IDfull,-1,-1;IDPlocha IDPlocha true false false 10 Double 0 10 ,First,#,all_L_padle 08_domerene 13,IDPlocha,-1,-1,ZF_2008_lezi,IDPlocha,-1,-1;ID ID true false false 10 Double 0 10 ,First,#,all_L_padle 08_domerene 13,ID,-1,-1,ZF_2008_lezi,ID,-1,-1;VYCETNI_TL VYCETNI_TL true false false 3 Short 0 3 ,First,#,all_L_padle 08_domerene 13,VYCETNI_TL,-1,-1,ZF_2008_lezi,VYCETNI_TL,-1,-1;VRCHOL_TL VRCHOL_TL true false false 2 Short 0 2 ,First,#,all_L_padle 08_domerene 13,VRCHOL_TL,-1,-1;CH_TVAR CH_TVAR true false false 1 Text 0 0 ,First,#,all_L_padle 08_domerene 13,CH_TVAR,-1,-1,ZF_2008_lezi,CH_TVAR,-1,-1;CH_ROZKLAD CH_ROZKLAD true false false 1 Text 0 0 ,First,#,all_L_padle 08_domerene 13,CH_ROZKLAD,-1,-1,ZF_2008_lezi,CH_ROZKLAD,-1,-1;STROM_ID STROM_ID true false false 6 Long 0 6 ,First,#,all_L_padle 08_domerene 13,STROM_ID,-1,-1,ZF_2008_lezi,STROM_ID,-1,-1;KMEN_ID KMEN_ID true false false 1 Short 0 1 ,First,#,all_L_padle 08_domerene 13,KMEN_ID,-1,-1,ZF_2008_lezi,KMEN_ID,-1,-1;DELKA DELKA true false false 4 Float 1 3 ,First,#,all_L_padle 08_domerene 13,DELKA,-1,-1,ZF_2008_lezi,DELKA,-1,-1;CH_POLOHA CH_POLOHA true false false 1 Text 0 0 ,First,#,all_L_padle 08_domerene 13,CH_POLOHA,-1,-1;CH_ORIENT CH_ORIENT true false false 1 Text 0 0 ,First,#,all_L_padle 08_domerene 13,CH_ORIENT,-1,-1;VYSKA VYSKA true false false 4 Float 1 3 ,First,#,all_L_padle 08_domerene 13,VYSKA,-1,-1;VYR_VYSKA VYR_VYSKA true false false 4 Float 1 3 ,First,#,all_L_padle 08_domerene 13,VYR_VYSKA,-1,-1;ZAKLADNA ZAKLADNA true false false 6 Float 4 5 ,First,#,all_L_padle 08_domerene 13,ZAKLADNA,-1,-1;OBJEM OBJEM true false false 5 Float 2 4 ,First,#,all_L_padle 08_domerene 13,OBJEM,-1,-1;NOVY_LEZI NOVY_LEZI true false false 4 Short 0 4 ,First,#,all_L_padle 08_domerene 13,NOVY_LEZI,-1,-1;POZNAMKA POZNAMKA true false false 254 Text 0 0 ,First,#,all_L_padle 08_domerene 13,POZNAMKA,-1,-1,ZF_2008_lezi,POZNAMKA,-1,-1;Y_PATA Y_PATA true false false 19 Double 0 0 ,First,#,all_L_padle 08_domerene 13,Y_PATA,-1,-1,ZF_2008_lezi,Y_pata,-1,-1;X_PATA X_PATA true false false 19 Double 0 0 ,First,#,all_L_padle 08_domerene 13,X_PATA,-1,-1,ZF_2008_lezi,X_pata,-1,-1;FIVGFJLDH FIVGFJLDH true false false 12 Text 0 0 ,First,#,all_L_padle 08_domerene 13,FIVGFJLDH,-1,-1;PL_D PL_D true false false 12 Text 0 0 ,First,#,all_L_padle 08_domerene 13,PL_D,-1,-1;ID_SK ID_SK true false false 12 Text 0 0 ,First,#,all_L_padle 08_domerene 13,ID_SK,-1,-1,ZF_2008_lezi,ID_SK,-1,-1;POMOCNÝ POMOCNÝ true false false 6 Long 0 6 ,First,#,all_L_padle 08_domerene 13,POMOCNÝ,-1,-1;KMENŮ KMENŮ true false false 2 Text 0 0 ,First,#,all_L_padle 08_domerene 13,KMENŮ,-1,-1;OSDIHC OSDIHC true false false 12 Text 0 0 ,First,#,all_L_padle 08_domerene 13,OSDIHC,-1,-1;DREVINA DREVINA true false false 4 Text 0 0 ,First,#,all_L_padle 08_domerene 13,DREVINA,-1,-1,ZF_2008_lezi,DREVINA,-1,-1;REF REF true false false 3 Short 0 3 ,First,#,ZF_2008_lezi,REF,-1,-1;PUVOD PUVOD true false false 1 Short 0 1 ,First,#,ZF_2008_lezi,PUVOD,-1,-1;PRODL PRODL true false false 2 Short 0 2 ,First,#,ZF_2008_lezi,PRODL,-1,-1;DEM DEM true false false 1 Short 0 1 ,First,#,ZF_2008_lezi,DEM,-1,-1;Z_append Z_append true false false 9 Double 3 8 ,First,#,ZF_2008_lezi,Z_append,-1,-1;POZN_S POZN_S true false false 1 Short 0 1 ,First,#,ZF_2008_lezi,POZN_S,-1,-1;KYRILL KYRILL true false false 1 Short 0 1 ,First,#,ZF_2008_lezi,KYRILL,-1,-1;VTL97 VTL97 true false false 4 Short 0 4 ,First,#,ZF_2008_lezi,VTL97,-1,-1;VV_08 VV_08 true false false 4 Float 1 3 ,First,#,ZF_2008_lezi,VV_08,-1,-1;prodl_o prodl_o true false false 4 Float 1 3 ,First,#,ZF_2008_lezi,prodl_o,-1,-1;ID_97 ID_97 true false false 6 Long 0 6 ,First,#,ZF_2008_lezi,ID_97,-1,-1;ID_75 ID_75 true false false 6 Long 0 6 ,First,#,ZF_2008_lezi,ID_75,-1,-1;pozn_new pozn_new true false false 50 Text 0 0 ,First,#,ZF_2008_lezi,pozn_new,-1,-1;IDstojic IDstojic true false false 6 Text 0 0 ,First,#,ZF_2008_lezi,IDstojic,-1,-1;hotovy hotovy true false false 1 Short 0 1 ,First,#,ZF_2008_lezi,hotovy,-1,-1;NEWdead NEWdead true false false 1 Short 0 1 ,First,#,ZF_2008_lezi,NEWdead,-1,-1;pomocny pomocny true false false 1 Short 0 1 ,First,#,ZF_2008_lezi,pomocny,-1,-1;S_K S_K true false false 15 Text 0 0 ,First,#,ZF_2008_lezi,S_K,-1,-1;BA BA true false false 6 Float 4 5 ,First,#,ZF_2008_lezi,BA,-1,-1;KMENU KMENU true false false 2 Short 0 2 ,First,#,ZF_2008_lezi,KMENU,-1,-1;XHJSHXH XHJSHXH true false false 4 Short 0 4 ,First,#,ZF_2008_lezi,XHJSHXH,-1,-1"</Process><Process ToolSource="c:\program files\arcgis\desktop10.2\ArcToolbox\Toolboxes\Data Management Tools.tbx\CalculateField" Date="20140327" Time="134048">CalculateField ZF_2008_L_V AZIMUT UHEL_S VB "Dim UHEL_S\nDim LineEndX\nDim LineEndY\nDim LineStartX\nDim LineStartY\nLineEndY=[Y_end]\nLineEndX=[X_end]\nLineStartX=[X_start]\nLineStartY=[Y_start]\nPI=4*Atn(1)\nIf (LineEndY&gt;LineStartY) AND (LineEndX&gt;LineStartX) then\nUHEL_S=(ATN((LineEndX-LineStartX)/(LineEndY-LineStartY))+(0*PI/2))*(180/PI)\nEnd If\nIf (LineEndY&lt;LineStartY) AND (LineEndX&gt;LineStartX) then\nUHEL_S=(ATN((LineEndY-LineStartY)/(LineStartX-LineEndX))+(1*PI/2))*(180/PI)\nEnd If\nIf (LineEndY&lt;LineStartY) AND (LineStartX&gt;LineEndX) then\nUHEL_S=(ATN((LineStartX-LineEndX)/(LineStartY-LineEndY))+(2*PI/2))*(180/PI)\nEnd If\nIf (LineEndY&gt;LineStartY) AND (LineStartX&gt;LineEndX) then\nUHEL_S=(ATN((LineStartY-LineEndY)/(LineEndX-LineStartX))+(3*PI/2))*(180/PI)\nEnd If"</Process><Process ToolSource="c:\program files\arcgis\desktop10.2\ArcToolbox\Toolboxes\Data Management Tools.tbx\CalculateField" Date="20140327" Time="134824">CalculateField ZF_2008_L_V KUZE_ID "( [STROM_ID]*100)+ [KMEN_ID]" VB #</Process><Process ToolSource="c:\program files\arcgis\desktop10.2\ArcToolbox\Toolboxes\Data Management Tools.tbx\CalculateField" Date="20140327" Time="151632">CalculateField ZF_2008_L_V AZIMUT UHEL_S VB "Dim UHEL_S\nDim LineEndX\nDim LineEndY\nDim LineStartX\nDim LineStartY\nLineEndY=[Y_end]\nLineEndX=[X_end]\nLineStartX=[X_start]\nLineStartY=[Y_start]\nPI=4*Atn(1)\nIf (LineEndY&gt;LineStartY) AND (LineEndX&gt;LineStartX) then\nUHEL_S=(ATN((LineEndX-LineStartX)/(LineEndY-LineStartY))+(0*PI/2))*(180/PI)\nEnd If\nIf (LineEndY&lt;LineStartY) AND (LineEndX&gt;LineStartX) then\nUHEL_S=(ATN((LineEndY-LineStartY)/(LineStartX-LineEndX))+(1*PI/2))*(180/PI)\nEnd If\nIf (LineEndY&lt;LineStartY) AND (LineStartX&gt;LineEndX) then\nUHEL_S=(ATN((LineStartX-LineEndX)/(LineStartY-LineEndY))+(2*PI/2))*(180/PI)\nEnd If\nIf (LineEndY&gt;LineStartY) AND (LineStartX&gt;LineEndX) then\nUHEL_S=(ATN((LineStartY-LineEndY)/(LineEndX-LineStartX))+(3*PI/2))*(180/PI)\nEnd If"</Process><Process ToolSource="c:\program files\arcgis\desktop10.2\ArcToolbox\Toolboxes\Data Management Tools.tbx\CalculateField" Date="20140328" Time="105527">CalculateField ZF_2008_L_V ID_SK "[STROM_ID] &amp;"_" &amp; [KMEN_ID]" VB #</Process><Process ToolSource="c:\program files\arcgis\desktop10.2\ArcToolbox\Toolboxes\Data Management Tools.tbx\CalculateField" Date="20140328" Time="105641">CalculateField ZF_2008_L_V KUZE_ID "( [STROM_ID]*100)+ [KMEN_ID]" VB #</Process><Process ToolSource="c:\program files\arcgis\desktop10.2\ArcToolbox\Toolboxes\Data Management Tools.tbx\CalculateField" Date="20140328" Time="140931">CalculateField ZF_2008_L_V ID_SK "[STROM_ID] &amp;"_" &amp; [KMEN_ID]" VB #</Process><Process ToolSource="c:\program files\arcgis\desktop10.2\ArcToolbox\Toolboxes\Data Management Tools.tbx\CalculateField" Date="20140328" Time="144454">CalculateField ZF_2008_L_V ID_SK "[STROM_ID] &amp;"_" &amp; [KMEN_ID]" VB #</Process><Process ToolSource="c:\program files\arcgis\desktop10.2\ArcToolbox\Toolboxes\Data Management Tools.tbx\CalculateField" Date="20140401" Time="105501">CalculateField ZF_2008_L_V CH_TVAR "Z" VB #</Process><Process ToolSource="c:\program files\arcgis\desktop10.2\ArcToolbox\Toolboxes\Data Management Tools.tbx\CalculateField" Date="20140401" Time="114536">CalculateField ZF_2008_L_V ID_SK "[STROM_ID] &amp;"_" &amp; [KMEN_ID]" VB #</Process><Process ToolSource="c:\program files\arcgis\desktop10.2\ArcToolbox\Toolboxes\Data Management Tools.tbx\CalculateField" Date="20140401" Time="115614">CalculateField ZF_2008_L_V KUZE_ID "([STROM_ID]*100)+ [KMEN_ID]" VB #</Process><Process ToolSource="c:\program files\arcgis\desktop10.2\ArcToolbox\Toolboxes\Data Management Tools.tbx\CalculateField" Date="20140402" Time="112830">CalculateField ZF_2008_L_V AZIMUT uhel_s VB "Dim UHEL_S\nDim LineEndX\nDim LineEndY\nDim LineStartX\nDim LineStartY\nLineEndY = [Y_end]\nLineEndX = [X_end]\nLineStartX = [X_start]\nLineStartY = [Y_start]\nPI=4*Atn(1) \nIf (LineEndY&gt;LineStartY) AND (LineEndX&gt;LineStartX) then\nUHEL_S=(ATN((LineEndX-LineStartX)/(LineEndY-LineStartY))+(0*PI/2))*(180/PI)\nEnd If\nIf (LineEndY&lt;LineStartY) AND (LineEndX&gt;LineStartX) then\nUHEL_S=(ATN((LineEndY-LineStartY)/(LineStartX-LineEndX))+(1*PI/2))*(180/PI)\nEnd If\nIf (LineEndY&lt;LineStartY) AND (LineStartX&gt;LineEndX) then\nUHEL_S=(ATN((LineStartX-LineEndX)/(LineStartY-LineEndY))+(2*PI/2))*(180/PI)\nEnd If\nIf (LineEndY&gt;LineStartY) AND (LineStartX&gt;LineEndX) then\nUHEL_S=(ATN((LineStartY-LineEndY)/(LineEndX-LineStartX))+(3*PI/2))*(180/PI)\nEnd If"</Process><Process ToolSource="c:\program files\arcgis\desktop10.2\ArcToolbox\Toolboxes\Data Management Tools.tbx\CalculateField" Date="20140402" Time="112849">CalculateField ZF_2008_L_V AZIMUT uhel_s VB "Dim UHEL_S\nDim LineEndX\nDim LineEndY\nDim LineStartX\nDim LineStartY\nLineEndY = [Y_end]\nLineEndX = [X_end]\nLineStartX = [X_start]\nLineStartY = [Y_start]\nPI=4*Atn(1) \nIf (LineEndY&gt;LineStartY) AND (LineEndX&gt;LineStartX) then\nUHEL_S=(ATN((LineEndX-LineStartX)/(LineEndY-LineStartY))+(0*PI/2))*(180/PI)\nEnd If\nIf (LineEndY&lt;LineStartY) AND (LineEndX&gt;LineStartX) then\nUHEL_S=(ATN((LineEndY-LineStartY)/(LineStartX-LineEndX))+(1*PI/2))*(180/PI)\nEnd If\nIf (LineEndY&lt;LineStartY) AND (LineStartX&gt;LineEndX) then\nUHEL_S=(ATN((LineStartX-LineEndX)/(LineStartY-LineEndY))+(2*PI/2))*(180/PI)\nEnd If\nIf (LineEndY&gt;LineStartY) AND (LineStartX&gt;LineEndX) then\nUHEL_S=(ATN((LineStartY-LineEndY)/(LineEndX-LineStartX))+(3*PI/2))*(180/PI)\nEnd If"</Process><Process ToolSource="c:\program files\arcgis\desktop10.2\ArcToolbox\Toolboxes\Data Management Tools.tbx\CalculateField" Date="20140402" Time="133614">CalculateField ZF_2008_L_V KUZE_ID "( [STROM_ID]*100)+ [KMEN_ID]" VB #</Process><Process ToolSource="c:\program files\arcgis\desktop10.2\ArcToolbox\Toolboxes\Data Management Tools.tbx\CalculateField" Date="20140402" Time="141258">CalculateField ZF_2008_L_V ID_SK "[STROM_ID] &amp;"_" &amp; [KMEN_ID]" VB #</Process><Process ToolSource="c:\program files\arcgis\desktop10.2\ArcToolbox\Toolboxes\Data Management Tools.tbx\CalculateField" Date="20140402" Time="143629">CalculateField ZF_2008_L_V ID_SK "[STROM_ID] &amp;"_" &amp; [KMEN_ID]" VB #</Process><Process ToolSource="c:\program files\arcgis\desktop10.2\ArcToolbox\Toolboxes\Data Management Tools.tbx\CalculateField" Date="20140403" Time="094613">CalculateField ZF_2008_L_V KUZE_ID "( [STROM_ID] *100)+ [KMEN_ID]" VB #</Process><Process ToolSource="c:\program files\arcgis\desktop10.2\ArcToolbox\Toolboxes\Data Management Tools.tbx\CalculateField" Date="20140407" Time="155941">CalculateField ZF_2008_L_V CH_TVAR "P" VB #</Process><Process ToolSource="c:\program files\arcgis\desktop10.2\ArcToolbox\Toolboxes\Data Management Tools.tbx\CalculateField" Date="20140407" Time="160000">CalculateField ZF_2008_L_V KMEN_ID 2 VB #</Process><Process ToolSource="c:\program files\arcgis\desktop10.2\ArcToolbox\Toolboxes\Data Management Tools.tbx\CalculateField" Date="20140407" Time="160006">CalculateField ZF_2008_L_V ID_SK "[STROM_ID] &amp;"_" &amp; [KMEN_ID]" VB #</Process><Process ToolSource="c:\program files\arcgis\desktop10.2\ArcToolbox\Toolboxes\Data Management Tools.tbx\CalculateField" Date="20140408" Time="170710">CalculateField ZF_2008_L_V ID_SK "[STROM_ID] &amp;"_" &amp; [KMEN_ID]" VB #</Process><Process ToolSource="c:\program files\arcgis\desktop10.2\ArcToolbox\Toolboxes\Data Management Tools.tbx\CalculateField" Date="20140408" Time="171049">CalculateField ZF_2008_L_V KUZE_ID "( [STROM_ID]*100)+ [KMEN_ID]" VB #</Process><Process ToolSource="c:\program files\arcgis\desktop10.2\ArcToolbox\Toolboxes\Data Management Tools.tbx\CalculateField" Date="20140819" Time="135144">CalculateField ZF_2008_L_V ID_SK "[STROM_ID] &amp;"_" &amp; [KMEN_ID]" VB #</Process><Process ToolSource="c:\program files\arcgis\desktop10.2\ArcToolbox\Toolboxes\Data Management Tools.tbx\CalculateField" Date="20140819" Time="135913">CalculateField ZF_2008_L_V KUZE_ID "( [STROM_ID]*100)+ [KMEN_ID]" VB #</Process><Process ToolSource="c:\program files (x86)\arcgis\desktop10.3\ArcToolbox\Toolboxes\Data Management Tools.tbx\CalculateField" Date="20160106" Time="104256">CalculateField ZF_2008_L VA 1
 VB #</Process><Process ToolSource="c:\program files (x86)\arcgis\desktop10.3\ArcToolbox\Toolboxes\Data Management Tools.tbx\CalculateField" Date="20160106" Time="105055">CalculateField ZF_2008_L_KOMPLET ID_SK "[STROM_ID] &amp;"_" &amp; [KMEN_ID]" VB #</Process><Process ToolSource="c:\program files (x86)\arcgis\desktop10.3\ArcToolbox\Toolboxes\Data Management Tools.tbx\CalculateField" Date="20160108" Time="104743">CalculateField ZF_2008_L_KOMPLET VA 1 VB #</Process><Process ToolSource="c:\program files (x86)\arcgis\desktop10.3\ArcToolbox\Toolboxes\Data Management Tools.tbx\CalculateField" Date="20160108" Time="105109">CalculateField ZF_2008_L_KOMPLET ID_SK "[STROM_ID] &amp;"_" &amp; [KMEN_ID]" VB #</Process><Process ToolSource="c:\program files (x86)\arcgis\desktop10.3\ArcToolbox\Toolboxes\Data Management Tools.tbx\CalculateField" Date="20160108" Time="111736">CalculateField ZF_2008_L_KOMPLET CH_TVAR "X" VB #</Process><Process ToolSource="c:\program files (x86)\arcgis\desktop10.3\ArcToolbox\Toolboxes\Data Management Tools.tbx\CalculateField" Date="20160108" Time="111800">CalculateField ZF_2008_L_KOMPLET CH_POLOHA "L" VB #</Process><Process ToolSource="c:\program files (x86)\arcgis\desktop10.3\ArcToolbox\Toolboxes\Data Management Tools.tbx\CalculateField" Date="20160113" Time="082153">CalculateField ZF_2008_L_KOMPLET ID_SK "[STROM_ID] &amp;"_" &amp; [KMEN_ID]" VB #</Process><Process ToolSource="c:\program files (x86)\arcgis\desktop10.3\ArcToolbox\Toolboxes\Data Management Tools.tbx\CalculateField" Date="20160113" Time="160236">CalculateField ZF_2008_L_KOMPLET ID_SK "[STROM_ID] &amp;"_" &amp; [KMEN_ID]" VB #</Process><Process ToolSource="c:\program files (x86)\arcgis\desktop10.3\ArcToolbox\Toolboxes\Data Management Tools.tbx\CalculateField" Date="20160113" Time="160305">CalculateField ZF_2008_L_KOMPLET ID_SK "[STROM_ID] &amp;"_" &amp; [KMEN_ID]" VB #</Process><Process ToolSource="c:\program files (x86)\arcgis\desktop10.3\ArcToolbox\Toolboxes\Data Management Tools.tbx\CalculateField" Date="20160114" Time="150011">CalculateField ZF_2008_L_KOMPLET ID_SK "[STROM_ID] &amp;"_" &amp; [KMEN_ID]" VB #</Process><Process ToolSource="c:\program files (x86)\arcgis\desktop10.3\ArcToolbox\Toolboxes\Data Management Tools.tbx\CalculateField" Date="20160114" Time="160513">CalculateField ZF_2008_L_KOMPLET ID_SK "[STROM_ID] &amp;"_" &amp; [KMEN_ID]" VB #</Process><Process ToolSource="c:\program files (x86)\arcgis\desktop10.3\ArcToolbox\Toolboxes\Data Management Tools.tbx\CalculateField" Date="20160114" Time="162502">CalculateField ZF_2008_L_KOMPLET ID_SK "[STROM_ID] &amp;"_" &amp; [KMEN_ID]" VB #</Process><Process ToolSource="c:\program files (x86)\arcgis\desktop10.3\ArcToolbox\Toolboxes\Data Management Tools.tbx\CalculateField" Date="20160114" Time="162631">CalculateField ZF_2008_L_KOMPLET KUZE_ID "([STROM_ID]*100)+ [KMEN_ID]" VB #</Process><Process ToolSource="c:\program files (x86)\arcgis\desktop10.3\ArcToolbox\Toolboxes\Data Management Tools.tbx\CalculateField" Date="20160114" Time="163122">CalculateField ZF_2008_L_KOMPLET CH_POLOHA "L" VB #</Process><Process ToolSource="c:\program files (x86)\arcgis\desktop10.3\ArcToolbox\Toolboxes\Data Management Tools.tbx\CalculateField" Date="20160115" Time="104153">CalculateField ZF_2008_L_KOMPLET ID_SK "[STROM_ID] &amp;"_" &amp; [KMEN_ID]" VB #</Process><Process ToolSource="c:\program files (x86)\arcgis\desktop10.3\ArcToolbox\Toolboxes\Data Management Tools.tbx\CalculateField" Date="20160115" Time="104345">CalculateField ZF_2008_L_KOMPLET KUZE_ID ([STROM_ID]*100)+[KMEN_ID] VB #</Process><Process ToolSource="c:\program files (x86)\arcgis\desktop10.3\ArcToolbox\Toolboxes\Data Management Tools.tbx\CalculateField" Date="20160115" Time="120045">CalculateField ZF_2008_L_KOMPLET ID_SK "[STROM_ID] &amp;"_" &amp; [KMEN_ID]" VB #</Process><Process ToolSource="c:\program files (x86)\arcgis\desktop10.3\ArcToolbox\Toolboxes\Data Management Tools.tbx\CalculateField" Date="20160115" Time="120202">CalculateField ZF_2008_L_KOMPLET KUZE_ID "([STROM_ID]*100)+ [KMEN_ID]" VB #</Process><Process ToolSource="c:\program files (x86)\arcgis\desktop10.3\ArcToolbox\Toolboxes\Data Management Tools.tbx\CalculateField" Date="20160324" Time="123059">CalculateField ZF_2008_L_KOMPLET KUZE_ID "([STROM_ID]*100)+ [KMEN_ID]" VB #</Process><Process ToolSource="c:\program files (x86)\arcgis\desktop10.3\ArcToolbox\Toolboxes\Data Management Tools.tbx\CalculateField" Date="20160331" Time="102522">CalculateField ZF_2008_L_KOMPLET ID_SK "[STROM_ID] &amp;"_" &amp; [KMEN_ID]" VB #</Process><Process ToolSource="c:\program files (x86)\arcgis\desktop10.3\ArcToolbox\Toolboxes\Data Management Tools.tbx\CalculateField" Date="20160629" Time="101528">CalculateField ZF_2008_L_KOMPLET KUZE_ID "[STROM_ID] *100" VB #</Process><Process ToolSource="c:\program files (x86)\arcgis\desktop10.3\ArcToolbox\Toolboxes\Data Management Tools.tbx\CalculateField" Date="20160629" Time="101558">CalculateField ZF_2008_L_KOMPLET KUZE_ID "([STROM_ID] *100)+ [KMEN_ID]" VB #</Process><Process ToolSource="c:\program files (x86)\arcgis\desktop10.3\ArcToolbox\Toolboxes\Data Management Tools.tbx\CalculateField" Date="20230210" Time="181729">CalculateField census_2008_line Species "Fagus sylvatica" VB #</Process><Process ToolSource="c:\program files (x86)\arcgis\desktop10.3\ArcToolbox\Toolboxes\Data Management Tools.tbx\CalculateField" Date="20230211" Time="095140">CalculateField census_2008_line TreeID [STROM_ID] VB #</Process><Process ToolSource="c:\program files (x86)\arcgis\desktop10.3\ArcToolbox\Toolboxes\Data Management Tools.tbx\CalculateField" Date="20230211" Time="095147">CalculateField census_2008_line StemID [KMEN_ID] VB #</Process><Process ToolSource="c:\program files (x86)\arcgis\desktop10.3\ArcToolbox\Toolboxes\Data Management Tools.tbx\CalculateField" Date="20230211" Time="224449">CalculateField census_2008_line Diamet1_mm [VYCETNI_TL]*10 VB #</Process><Process ToolSource="c:\program files (x86)\arcgis\desktop10.3\ArcToolbox\Toolboxes\Data Management Tools.tbx\CalculateField" Date="20230211" Time="224534">CalculateField census_2008_line Diamet2_mm [VRCHOL_TL]*10 VB #</Process></lineage><itemProps><itemName Sync="TRUE">census_2008_klk</itemName><imsContentType Sync="TRUE">002</imsContentType><itemSize Sync="TRUE">0.000</itemSize><itemLocation><linkage Sync="TRUE">file://\\DUSANADAM\D\__zf_pool\wrk2\census_2008_klk.shp</linkage><protocol Sync="TRUE">Local Area Network</protocol></itemLocation></itemProps><coordRef><type Sync="TRUE">Projected</type><geogcsn Sync="TRUE">GCS_S_JTSK</geogcsn><csUnits Sync="TRUE">Linear Unit: Meter (1.000000)</csUnits><projcsn Sync="TRUE">S-JTSK_Krovak_East_North</projcsn><peXml Sync="TRUE">&lt;ProjectedCoordinateSystem xsi:type='typens:ProjectedCoordinateSystem' xmlns:xsi='http://www.w3.org/2001/XMLSchema-instance' xmlns:xs='http://www.w3.org/2001/XMLSchema' xmlns:typens='http://www.esri.com/schemas/ArcGIS/10.3'&gt;&lt;WKT&gt;PROJCS[&amp;quot;S-JTSK_Krovak_East_North&amp;quot;,GEOGCS[&amp;quot;GCS_S_JTSK&amp;quot;,DATUM[&amp;quot;D_S_JTSK&amp;quot;,SPHEROID[&amp;quot;Bessel_1841&amp;quot;,6377397.155,299.1528128]],PRIMEM[&amp;quot;Greenwich&amp;quot;,0.0],UNIT[&amp;quot;Degree&amp;quot;,0.0174532925199433]],PROJECTION[&amp;quot;Krovak&amp;quot;],PARAMETER[&amp;quot;False_Easting&amp;quot;,0.0],PARAMETER[&amp;quot;False_Northing&amp;quot;,0.0],PARAMETER[&amp;quot;Pseudo_Standard_Parallel_1&amp;quot;,78.5],PARAMETER[&amp;quot;Scale_Factor&amp;quot;,0.9999],PARAMETER[&amp;quot;Azimuth&amp;quot;,30.28813975277778],PARAMETER[&amp;quot;Longitude_Of_Center&amp;quot;,24.83333333333333],PARAMETER[&amp;quot;Latitude_Of_Center&amp;quot;,49.5],PARAMETER[&amp;quot;X_Scale&amp;quot;,-1.0],PARAMETER[&amp;quot;Y_Scale&amp;quot;,1.0],PARAMETER[&amp;quot;XY_Plane_Rotation&amp;quot;,90.0],UNIT[&amp;quot;Meter&amp;quot;,1.0],AUTHORITY[&amp;quot;EPSG&amp;quot;,5514]]&lt;/WKT&gt;&lt;XOrigin&gt;-33699800&lt;/XOrigin&gt;&lt;YOrigin&gt;-33699800&lt;/YOrigin&gt;&lt;XYScale&gt;133638764.24698351&lt;/XYScale&gt;&lt;ZOrigin&gt;-100000&lt;/ZOrigin&gt;&lt;ZScale&gt;10000&lt;/ZScale&gt;&lt;MOrigin&gt;-100000&lt;/MOrigin&gt;&lt;MScale&gt;10000&lt;/MScale&gt;&lt;XYTolerance&gt;0.001&lt;/XYTolerance&gt;&lt;ZTolerance&gt;0.001&lt;/ZTolerance&gt;&lt;MTolerance&gt;0.001&lt;/MTolerance&gt;&lt;HighPrecision&gt;true&lt;/HighPrecision&gt;&lt;WKID&gt;102067&lt;/WKID&gt;&lt;LatestWKID&gt;5514&lt;/LatestWKID&gt;&lt;/ProjectedCoordinateSystem&gt;</peXml></coordRef><copyHistory><copy source="D:\__zf_pool\gis_diskS\ZF_2008_L" dest="\\DUSANADAM\D\__zf_pool\gis_src\ZF_2008_L" date="20230201" time="16182500"></copy></copyHistory></DataProperties><ArcGISFormat>1.0</ArcGISFormat></Esri><idinfo><citation><citeinfo><onlink Sync="TRUE">\\PCB16\D$\PE\Rehorkova\ZOFIN_SOURCE\ZOFIN_AMEBA_MALA\SIGEO_gis_vrstvy_finalni\all_L_padle08_domerene13_Mer.shp</onlink><origin>REQUIRED: The name of an organization or individual that developed the data set.</origin><pubdate>REQUIRED: The date when the data set is published or otherwise made available for release.</pubdate><title Sync="TRUE">all_L_padle08_domerene13_Mer</title><ftname Sync="TRUE">all_L_padle08_domerene13_Mer</ftname><geoform Sync="TRUE">vector digital data</geoform></citeinfo></citation><native Sync="TRUE">Microsoft Windows XP Version 5.1 (Build 2600) Service Pack 3; ESRI ArcCatalog 9.2.6.1500</native><descript><langdata Sync="TRUE">cs</langdata><abstract>REQUIRED: A brief narrative summary of the data set.</abstract><purpose>REQUIRED: A summary of the intentions with which the data set was developed.</purpose></descript><timeperd><current>REQUIRED: The basis on which the time period of content information is determined.</current><timeinfo><sngdate><caldate>REQUIRED: The year (and optionally month, or month and day) for which the data set corresponds to the ground.</caldate></sngdate></timeinfo></timeperd><status><progress>REQUIRED: The state of the data set.</progress><update>REQUIRED: The frequency with which changes and additions are made to the data set after the initial data set is completed.</update></status><spdom><bounding><westbc Sync="TRUE">REQUIRED: Western-most coordinate of the limit of coverage expressed in longitude.</westbc><eastbc Sync="TRUE">REQUIRED: Eastern-most coordinate of the limit of coverage expressed in longitude.</eastbc><northbc Sync="TRUE">REQUIRED: Northern-most coordinate of the limit of coverage expressed in latitude.</northbc><southbc Sync="TRUE">REQUIRED: Southern-most coordinate of the limit of coverage expressed in latitude.</southbc></bounding></spdom><keywords><theme><themekt>REQUIRED: Reference to a formally registered thesaurus or a similar authoritative source of theme keywords.</themekt><themekey>REQUIRED: Common-use word or phrase used to describe the subject of the data set.</themekey></theme></keywords><accconst>REQUIRED: Restrictions and legal prerequisites for accessing the data set.</accconst><useconst>REQUIRED: Restrictions and legal prerequisites for using the data set after access is granted.</useconst><natvform Sync="TRUE">Shapefile</natvform></idinfo><distInfo><distributor><distorTran><onLineSrc><linkage Sync="TRUE">file://\\PCB16\D$\PE\Rehorkova\ZOFIN_SOURCE\ZOFIN_AMEBA_MALA\SIGEO_gis_vrstvy_finalni\all_L_padle08_domerene13_Mer.shp</linkage><protocol Sync="TRUE">Local Area Network</protocol><orDesc Sync="TRUE">002</orDesc></onLineSrc><transSize Sync="TRUE">0,000</transSize></distorTran><distorFormat><formatName Sync="TRUE">Shapefile</formatName></distorFormat></distributor><distFormat><formatName Sync="TRUE">Shapefile</formatName></distFormat><distTranOps><transSize Sync="TRUE">0.000</transSize></distTranOps></distInfo><dataqual><lineage><procstep><procdesc Sync="TRUE">Dataset copied.</procdesc><srcused Sync="TRUE">P:\PRALESY-ZDROJ\LOKALITY\ZF\FM\SIGEO_3\SIGEO_11\MapLayers\11\LEZICI_2008_line</srcused><procdate Sync="TRUE">20130121</procdate><proctime Sync="TRUE">15494100</proctime></procstep><procstep><procdesc Sync="TRUE">Dataset moved.</procdesc><srcused Sync="TRUE">P:\PRALESY-ZDROJ\LOKALITY\ZF\SIGEO_WRK\1\Merge_2012_LEZICI</srcused><procdate Sync="TRUE">20130122</procdate><proctime Sync="TRUE">07380300</proctime></procstep><procstep><procdesc Sync="TRUE">Dataset copied.</procdesc><srcused Sync="TRUE">D:\SIGEO_FINAL\m_December_gis\Merge_2012_LEZICI</srcused><procdate Sync="TRUE">20130626</procdate><proctime Sync="TRUE">12514100</proctime></procstep></lineage></dataqual><dataIdInfo><envirDesc Sync="TRUE"> Version 6.2 (Build 9200) ; Esri ArcGIS 10.3.0.4284</envirDesc><dataLang><languageCode Sync="TRUE" value="ces"></languageCode><countryCode value="CZE" Sync="TRUE"></countryCode></dataLang><idCitation><resTitle Sync="TRUE">census_2008_klk</resTitle><presForm><PresFormCd Sync="TRUE" value="005"></PresFormCd></presForm></idCitation><spatRpType><SpatRepTypCd Sync="TRUE" value="001"></SpatRepTypCd></spatRpType></dataIdInfo><metainfo><langmeta Sync="TRUE">cs</langmeta><metstdn Sync="TRUE">FGDC Content Standards for Digital Geospatial Metadata</metstdn><metstdv Sync="TRUE">FGDC-STD-001-1998</metstdv><mettc Sync="TRUE">local time</mettc><metc><cntinfo><cntorgp><cntper>REQUIRED: The person responsible for the metadata information.</cntper><cntorg>REQUIRED: The organization responsible for the metadata information.</cntorg></cntorgp><cntaddr><addrtype>REQUIRED: The mailing and/or physical address for the organization or individual.</addrtype><city>REQUIRED: The city of the address.</city><state>REQUIRED: The state or province of the address.</state><postal>REQUIRED: The ZIP or other postal code of the address.</postal></cntaddr><cntvoice>REQUIRED: The telephone number by which individuals can speak to the organization or individual.</cntvoice></cntinfo></metc><metd Sync="TRUE">20130805</metd></metainfo><mdLang><languageCode Sync="TRUE" value="ces"></languageCode><countryCode value="CZE" Sync="TRUE"></countryCode></mdLang><mdStanName Sync="TRUE">ISO 19115 Geographic Information - Metadata</mdStanName><mdStanVer Sync="TRUE">DIS_ESRI1.0</mdStanVer><mdChar><CharSetCd Sync="TRUE" value="004"></CharSetCd></mdChar><mdHrLv><ScopeCd Sync="TRUE" value="005"></ScopeCd></mdHrLv><mdHrLvName Sync="TRUE">dataset</mdHrLvName><distinfo><resdesc Sync="TRUE">Downloadable Data</resdesc><stdorder><digform><digtinfo><transize Sync="TRUE">0,000</transize><dssize Sync="TRUE">0,000</dssize></digtinfo></digform></stdorder></distinfo><spdoinfo><direct Sync="TRUE">Vector</direct><ptvctinf><esriterm Name="census_2008_klk"><efeatyp Sync="TRUE">Simple</efeatyp><efeageom code="3" Sync="TRUE"></efeageom><esritopo Sync="TRUE">FALSE</esritopo><efeacnt Sync="TRUE">0</efeacnt><spindex Sync="TRUE">FALSE</spindex><linrefer Sync="TRUE">TRUE</linrefer></esriterm></ptvctinf></spdoinfo><spatRepInfo><VectSpatRep><geometObjs Name="census_2008_klk"><geoObjTyp><GeoObjTypCd value="002" Sync="TRUE"></GeoObjTypCd></geoObjTyp><geoObjCnt Sync="TRUE">0</geoObjCnt></geometObjs><topLvl><TopoLevCd value="001" Sync="TRUE"></TopoLevCd></topLvl></VectSpatRep></spatRepInfo><eainfo><detailed Name="census_2008_klk"><enttyp><enttypl Sync="TRUE">census_2008_klk</enttypl><enttypt Sync="TRUE">Feature Class</enttypt><enttypc Sync="TRUE">0</enttypc></enttyp><attr><attrlabl Sync="TRUE">FID</attrlabl><attalias Sync="TRUE">FID</attalias><attrtype Sync="TRUE">OID</attrtype><attwidth Sync="TRUE">4</attwidth><atprecis Sync="TRUE">0</atprecis><attscale Sync="TRUE">0</attscale><attrdef Sync="TRUE">Internal feature number.</attrdef><attrdefs Sync="TRUE">ESRI</attrdefs><attrdomv><udom Sync="TRUE">Sequential unique whole numbers that are automatically generated.</udom></attrdomv></attr><attr><attrlabl Sync="TRUE">Shape</attrlabl><attalias Sync="TRUE">Shape</attalias><attrtype Sync="TRUE">Geometry</attrtype><attwidth Sync="TRUE">0</attwidth><atprecis Sync="TRUE">0</atprecis><attscale Sync="TRUE">0</attscale><attrdef Sync="TRUE">Feature geometry.</attrdef><attrdefs Sync="TRUE">ESRI</attrdefs><attrdomv><udom Sync="TRUE">Coordinates defining the features.</udom></attrdomv></attr><attr><attrlabl Sync="TRUE">VYCETNI_TL</attrlabl><attalias Sync="TRUE">VYCETNI_TL</attalias><attrtype Sync="TRUE">SmallInteger</attrtype><attwidth Sync="TRUE">3</attwidth><atprecis Sync="TRUE">3</atprecis><attscale Sync="TRUE">0</attscale></attr><attr><attrlabl Sync="TRUE">VRCHOL_TL</attrlabl><attalias Sync="TRUE">VRCHOL_TL</attalias><attrtype Sync="TRUE">SmallInteger</attrtype><attwidth Sync="TRUE">2</attwidth><atprecis Sync="TRUE">2</atprecis><attscale Sync="TRUE">0</attscale></attr><attr><attrlabl Sync="TRUE">DREVINA</attrlabl><attalias Sync="TRUE">DREVINA</attalias><attrtype Sync="TRUE">String</attrtype><attwidth Sync="TRUE">4</attwidth><atprecis Sync="TRUE">0</atprecis><attscale Sync="TRUE">0</attscale></attr><attr><attrlabl Sync="TRUE">CH_TVAR</attrlabl><attalias Sync="TRUE">CH_TVAR</attalias><attrtype Sync="TRUE">String</attrtype><attwidth Sync="TRUE">1</attwidth><atprecis Sync="TRUE">0</atprecis><attscale Sync="TRUE">0</attscale></attr><attr><attrlabl Sync="TRUE">CH_ROZKLAD</attrlabl><attalias Sync="TRUE">CH_ROZKLAD</attalias><attrtype Sync="TRUE">String</attrtype><attwidth Sync="TRUE">1</attwidth><atprecis Sync="TRUE">0</atprecis><attscale Sync="TRUE">0</attscale></attr><attr><attrlabl Sync="TRUE">STROM_ID</attrlabl><attalias Sync="TRUE">STROM_ID</attalias><attrtype Sync="TRUE">Integer</attrtype><attwidth Sync="TRUE">6</attwidth><atprecis Sync="TRUE">6</atprecis><attscale Sync="TRUE">0</attscale></attr><attr><attrlabl Sync="TRUE">KMEN_ID</attrlabl><attalias Sync="TRUE">KMEN_ID</attalias><attrtype Sync="TRUE">SmallInteger</attrtype><attwidth Sync="TRUE">2</attwidth><atprecis Sync="TRUE">2</atprecis><attscale Sync="TRUE">0</attscale></attr></detailed></eainfo><mdDateSt Sync="TRUE">20230207</mdDateSt><spref><horizsys><cordsysn><geogcsn Sync="TRUE">GCS_S_JTSK</geogcsn><projcsn Sync="TRUE">S-JTSK_Krovak_East_North</projcsn></cordsysn><planar><planci><plance Sync="TRUE">coordinate pair</plance><plandu Sync="TRUE">meters</plandu><coordrep><absres Sync="TRUE">0.000000</absres><ordres Sync="TRUE">0.000000</ordres></coordrep></planci></planar><geodetic><horizdn Sync="TRUE">D_S_JTSK</horizdn><ellips Sync="TRUE">Bessel_1841</ellips><semiaxis Sync="TRUE">6377397.155000</semiaxis><denflat Sync="TRUE">299.152813</denflat></geodetic></horizsys><vertdef><altsys><altenc Sync="TRUE">Explicit elevation coordinate included with horizontal coordinates</altenc><altres Sync="TRUE">0.000100</altres></altsys></vertdef></spref><refSysInfo><RefSystem><refSysID><identCode Sync="TRUE" code="5514">S-JTSK_Krovak_East_North</identCode><idCodeSpace Sync="TRUE">EPSG</idCodeSpace><idVersion Sync="TRUE">8.2.6</idVersion></refSysID></RefSystem></refSysInfo></metadata>
