<?xml version="1.0"?>
<!--<!DOCTYPE metadata SYSTEM "http://www.esri.com/metadata/esriprof80.dtd">-->
<metadata xml:lang="cs"><Esri><CreaDate>20230201</CreaDate><CreaTime>17542000</CreaTime><SyncOnce>FALSE</SyncOnce><SyncDate>20230207</SyncDate><SyncTime>16342400</SyncTime><ModDate>20230207</ModDate><ModTime>16342400</ModTime><DataProperties><lineage><Process Name="Merge_14" ToolSource="C:\Program Files\ArcGIS\ArcToolbox\Toolboxes\Data Management Tools.tbx\Merge" Date="20081008" Time="151540">Merge 1_Stojici_stromy_point;2_Stojici_stromy_point;3_Stojici_stromy_point;4_Stojici_stromy_point P:\PRALESY-ZDROJ\LOKALITY\ZF\GIS_PRAC\SPOLECNE_OUT\Stojici.shp "IDfull IDfull true false false 15 Text 0 0 ,First,#,1_Stojici_stromy_point,IDfull,-1,-1,2_Stojici_stromy_point,IDfull,-1,-1,3_Stojici_stromy_point,IDfull,-1,-1,4_Stojici_stromy_point,IDfull,-1,-1;IDPlocha IDPlocha true false false 10 Double 0 10 ,First,#,1_Stojici_stromy_point,IDPlocha,-1,-1,2_Stojici_stromy_point,IDPlocha,-1,-1,3_Stojici_stromy_point,IDPlocha,-1,-1,4_Stojici_stromy_point,IDPlocha,-1,-1;ID ID true false false 10 Double 0 10 ,First,#,1_Stojici_stromy_point,ID,-1,-1,2_Stojici_stromy_point,ID,-1,-1,3_Stojici_stromy_point,ID,-1,-1,4_Stojici_stromy_point,ID,-1,-1;LABEL LABEL true false false 15 Text 0 0 ,First,#,1_Stojici_stromy_point,LABEL,-1,-1,2_Stojici_stromy_point,LABEL,-1,-1,3_Stojici_stromy_point,LABEL,-1,-1,4_Stojici_stromy_point,LABEL,-1,-1;SYMBOL SYMBOL true false false 16 Text 0 0 ,First,#,1_Stojici_stromy_point,SYMBOL,-1,-1,2_Stojici_stromy_point,SYMBOL,-1,-1,3_Stojici_stromy_point,SYMBOL,-1,-1,4_Stojici_stromy_point,SYMBOL,-1,-1;STROM_ID STROM_ID true false false 6 Long 0 6 ,First,#,1_Stojici_stromy_point,STROM_ID,-1,-1,2_Stojici_stromy_point,STROM_ID,-1,-1,3_Stojici_stromy_point,STROM_ID,-1,-1,4_Stojici_stromy_point,STROM_ID,-1,-1;DREVINA DREVINA true false false 4 Text 0 0 ,First,#,1_Stojici_stromy_point,DREVINA,-1,-1,2_Stojici_stromy_point,DREVINA,-1,-1,3_Stojici_stromy_point,DREVINA,-1,-1,4_Stojici_stromy_point,DREVINA,-1,-1;KMEN_ID KMEN_ID true false false 2 Short 0 2 ,First,#,1_Stojici_stromy_point,KMEN_ID,-1,-1,2_Stojici_stromy_point,KMEN_ID,-1,-1,3_Stojici_stromy_point,KMEN_ID,-1,-1,4_Stojici_stromy_point,KMEN_ID,-1,-1;CH_POLOHA CH_POLOHA true false false 1 Text 0 0 ,First,#,1_Stojici_stromy_point,CH_POLOHA,-1,-1,2_Stojici_stromy_point,CH_POLOHA,-1,-1,3_Stojici_stromy_point,CH_POLOHA,-1,-1,4_Stojici_stromy_point,CH_POLOHA,-1,-1;CH_TVAR CH_TVAR true false false 1 Text 0 0 ,First,#,1_Stojici_stromy_point,CH_TVAR,-1,-1,2_Stojici_stromy_point,CH_TVAR,-1,-1,3_Stojici_stromy_point,CH_TVAR,-1,-1,4_Stojici_stromy_point,CH_TVAR,-1,-1;CH_ORIENT CH_ORIENT true false false 1 Text 0 0 ,First,#,1_Stojici_stromy_point,CH_ORIENT,-1,-1,2_Stojici_stromy_point,CH_ORIENT,-1,-1,3_Stojici_stromy_point,CH_ORIENT,-1,-1,4_Stojici_stromy_point,CH_ORIENT,-1,-1;CH_ROZKLAD CH_ROZKLAD true false false 1 Text 0 0 ,First,#,1_Stojici_stromy_point,CH_ROZKLAD,-1,-1,2_Stojici_stromy_point,CH_ROZKLAD,-1,-1,3_Stojici_stromy_point,CH_ROZKLAD,-1,-1,4_Stojici_stromy_point,CH_ROZKLAD,-1,-1;VYSKA VYSKA true false false 5 Float 1 4 ,First,#,1_Stojici_stromy_point,VYSKA,-1,-1,2_Stojici_stromy_point,VYSKA,-1,-1,3_Stojici_stromy_point,VYSKA,-1,-1,4_Stojici_stromy_point,VYSKA,-1,-1;DELKA DELKA true false false 5 Float 1 4 ,First,#,1_Stojici_stromy_point,DELKA,-1,-1,2_Stojici_stromy_point,DELKA,-1,-1,3_Stojici_stromy_point,DELKA,-1,-1,4_Stojici_stromy_point,DELKA,-1,-1;VYCETNI_TL VYCETNI_TL true false false 3 Short 0 3 ,First,#,1_Stojici_stromy_point,VYCETNI_TL,-1,-1,2_Stojici_stromy_point,VYCETNI_TL,-1,-1,3_Stojici_stromy_point,VYCETNI_TL,-1,-1,4_Stojici_stromy_point,VYCETNI_TL,-1,-1;VRCHOL_TL VRCHOL_TL true false false 3 Short 0 3 ,First,#,1_Stojici_stromy_point,VRCHOL_TL,-1,-1,2_Stojici_stromy_point,VRCHOL_TL,-1,-1,3_Stojici_stromy_point,VRCHOL_TL,-1,-1,4_Stojici_stromy_point,VRCHOL_TL,-1,-1;REF REF true false false 3 Short 0 3 ,First,#,1_Stojici_stromy_point,REF,-1,-1,2_Stojici_stromy_point,REF,-1,-1,3_Stojici_stromy_point,REF,-1,-1,4_Stojici_stromy_point,REF,-1,-1;NEW NEW true false false 1 Short 0 1 ,First,#,1_Stojici_stromy_point,NEW,-1,-1,2_Stojici_stromy_point,NEW,-1,-1,3_Stojici_stromy_point,NEW,-1,-1,4_Stojici_stromy_point,NEW,-1,-1;VICE VICE true false false 1 Short 0 1 ,First,#,1_Stojici_stromy_point,VICE,-1,-1,2_Stojici_stromy_point,VICE,-1,-1,3_Stojici_stromy_point,VICE,-1,-1,4_Stojici_stromy_point,VICE,-1,-1;POZNAMKA_S POZNAMKA_S true false false 1 Short 0 1 ,First,#,1_Stojici_stromy_point,POZNAMKA_S,-1,-1,2_Stojici_stromy_point,POZNAMKA_S,-1,-1,3_Stojici_stromy_point,POZNAMKA_S,-1,-1,4_Stojici_stromy_point,POZNAMKA_S,-1,-1;POZNAMKA POZNAMKA true false false 50 Text 0 0 ,First,#,1_Stojici_stromy_point,POZNAMKA,-1,-1,2_Stojici_stromy_point,POZNAMKA,-1,-1,3_Stojici_stromy_point,POZNAMKA,-1,-1,4_Stojici_stromy_point,POZNAMKA,-1,-1"</Process><Process ToolSource="C:\Program Files\ArcGIS\ArcToolbox\Toolboxes\Data Management Tools.tbx\Merge" Date="20100215" Time="200047">Merge ZF_08_stojící;LR_stojici P:\PRALESY-ZDROJ\LOKALITY\ZF\GIS\ZF_08_stojící_s_LŘ.shp "IDfull 'IDfull' true true false 15 Text 0 0 ,First,#,ZF_08_stojící,IDfull,-1,-1,LR_stojici,IDfull,-1,-1;IDPlocha 'IDPlocha' true true false 10 Double 0 10 ,First,#,ZF_08_stojící,IDPlocha,-1,-1;ID 'ID' true true false 10 Double 0 10 ,First,#,ZF_08_stojící,ID,-1,-1,LR_stojici,ID,-1,-1;STROM_ID 'STROM_ID' true true false 6 Long 0 6 ,First,#,ZF_08_stojící,STROM_ID,-1,-1;DREVINA 'DREVINA' true true false 4 Text 0 0 ,First,#,ZF_08_stojící,DREVINA,-1,-1,LR_stojici,DREVINA,-1,-1;KMEN_ID 'KMEN_ID' true true false 2 Short 0 2 ,First,#,ZF_08_stojící,KMEN_ID,-1,-1,LR_stojici,KMEN_ID,-1,-1;CH_TVAR 'CH_TVAR' true true false 1 Text 0 0 ,First,#,ZF_08_stojící,CH_TVAR,-1,-1,LR_stojici,CH_TVAR,-1,-1;CH_ORIENT 'CH_ORIENT' true true false 1 Text 0 0 ,First,#,ZF_08_stojící,CH_ORIENT,-1,-1,LR_stojici,CH_ORIENT,-1,-1;VYSKA 'VYSKA' true true false 5 Float 1 4 ,First,#,ZF_08_stojící,VYSKA,-1,-1,LR_stojici,VYSKA,-1,-1;DELKA 'DELKA' true true false 5 Float 1 4 ,First,#,ZF_08_stojící,DELKA,-1,-1;VYCETNI_TL 'VYCETNI_TL' true true false 3 Short 0 3 ,First,#,ZF_08_stojící,VYCETNI_TL,-1,-1;VRCHOL_TL 'VRCHOL_TL' true true false 3 Short 0 3 ,First,#,ZF_08_stojící,VRCHOL_TL,-1,-1;REF 'REF' true true false 3 Short 0 3 ,First,#,ZF_08_stojící,REF,-1,-1;NEW 'NEW' true true false 1 Short 0 1 ,First,#,ZF_08_stojící,NEW,-1,-1;VICE 'VICE' true true false 1 Short 0 1 ,First,#,ZF_08_stojící,VICE,-1,-1;POZNAMKA_S 'POZNAMKA_S' true true false 1 Short 0 1 ,First,#,ZF_08_stojící,POZNAMKA_S,-1,-1;POZNAMKA 'POZNAMKA' true true false 50 Text 0 0 ,First,#,ZF_08_stojící,POZNAMKA,-1,-1;VYSKA_09 'VYSKA_09' true true false 5 Float 1 4 ,First,#,ZF_08_stojící,VYSKA_09,-1,-1;kruh 'kruh' true true false 1 Short 0 1 ,First,#,ZF_08_stojící,kruh,-1,-1;RC 'RC' true true false 6 Long 0 6 ,First,#,LR_stojici,RC,-1,-1;REF_BOD 'REF_BOD' true true false 3 Short 0 3 ,First,#,LR_stojici,REF_BOD,-1,-1;VTL 'VTL' true true false 4 Short 0 4 ,First,#,LR_stojici,VTL,-1,-1;HTL 'HTL' true true false 4 Short 0 4 ,First,#,LR_stojici,HTL,-1,-1;VICECETNOS 'VICECETNOS' true true false 1 Short 0 1 ,First,#,LR_stojici,VICECETNOS,-1,-1;POZN 'POZN' true true false 50 Text 0 0 ,First,#,LR_stojici,POZN,-1,-1;POZN_STD 'POZN_STD' true true false 1 Short 0 1 ,First,#,LR_stojici,POZN_STD,-1,-1"</Process><Process Name="Merge_3" ToolSource="C:\Program Files\ArcGIS\ArcToolbox\Toolboxes\Data Management Tools.tbx\Merge" Date="20130823" Time="112742">Merge ZF_2008_stoji;'all_S bez 08 selection' D:\PE\rehorkova\ZOFIN_SOURCE\ZOFIN_AMEBA_MALA\SIGEO_gis_vrstvy_finalni\ZF_2008_stoji_M.shp "IDfull IDfull true false false 15 Text 0 0 ,First,#,ZF_2008_stoji,IDfull,-1,-1,all_S bez 08 selection,IDfull,-1,-1;IDPlocha IDPlocha true false false 10 Double 0 10 ,First,#,ZF_2008_stoji,IDPlocha,-1,-1,all_S bez 08 selection,IDPlocha,-1,-1;ID ID true false false 10 Double 0 10 ,First,#,ZF_2008_stoji,ID,-1,-1,all_S bez 08 selection,ID,-1,-1;STROM_ID STROM_ID true false false 6 Long 0 6 ,First,#,ZF_2008_stoji,STROM_ID,-1,-1,all_S bez 08 selection,STROM_ID,-1,-1;DREVINA DREVINA true false false 4 Text 0 0 ,First,#,ZF_2008_stoji,DREVINA,-1,-1,all_S bez 08 selection,DREVINA,-1,-1;KMEN_ID KMEN_ID true false false 2 Short 0 2 ,First,#,ZF_2008_stoji,KMEN_ID,-1,-1,all_S bez 08 selection,KMEN_ID,-1,-1;CH_TVAR CH_TVAR true false false 1 Text 0 0 ,First,#,ZF_2008_stoji,CH_TVAR,-1,-1,all_S bez 08 selection,CH_TVAR,-1,-1;CH_ORIENT CH_ORIENT true false false 1 Text 0 0 ,First,#,ZF_2008_stoji,CH_ORIENT,-1,-1,all_S bez 08 selection,CH_ORIENT,-1,-1;VYSKA VYSKA true false false 5 Float 1 4 ,First,#,ZF_2008_stoji,VYSKA,-1,-1,all_S bez 08 selection,VYSKA,-1,-1;VYCETNI_TL VYCETNI_TL true false false 3 Short 0 3 ,First,#,ZF_2008_stoji,VYCETNI_TL,-1,-1,all_S bez 08 selection,VYCETNI_TL,-1,-1;VRCHOL_TL VRCHOL_TL true false false 3 Short 0 3 ,First,#,ZF_2008_stoji,VRCHOL_TL,-1,-1,all_S bez 08 selection,VRCHOL_TL,-1,-1;REF REF true false false 3 Short 0 3 ,First,#,ZF_2008_stoji,REF,-1,-1;NEW NEW true false false 1 Short 0 1 ,First,#,ZF_2008_stoji,NEW,-1,-1;VICE VICE true false false 1 Short 0 1 ,First,#,ZF_2008_stoji,VICE,-1,-1;POZNAMKA_S POZNAMKA_S true false false 1 Short 0 1 ,First,#,ZF_2008_stoji,POZNAMKA_S,-1,-1;POZNAMKA POZNAMKA true false false 50 Text 0 0 ,First,#,ZF_2008_stoji,POZNAMKA,-1,-1,all_S bez 08 selection,POZNAMKA,-1,-1;ID_97 ID_97 true false false 6 Long 0 6 ,First,#,ZF_2008_stoji,ID_97,-1,-1;ID_75 ID_75 true false false 6 Long 0 6 ,First,#,ZF_2008_stoji,ID_75,-1,-1;pozn_new pozn_new true false false 50 Text 0 0 ,First,#,ZF_2008_stoji,pozn_new,-1,-1;IDlezici IDlezici true false false 6 Text 0 0 ,First,#,ZF_2008_stoji,IDlezici,-1,-1;NEWborn NEWborn true false false 1 Short 0 1 ,First,#,ZF_2008_stoji,NEWborn,-1,-1;pomocny pomocny true false false 1 Short 0 1 ,First,#,ZF_2008_stoji,pomocny,-1,-1;S_K S_K true false false 15 Text 0 0 ,First,#,ZF_2008_stoji,S_K,-1,-1;BA BA true false false 6 Float 4 5 ,First,#,ZF_2008_stoji,BA,-1,-1;ID_SK ID_SK true false false 12 Text 0 0 ,First,#,ZF_2008_stoji,ID_SK,-1,-1,all_S bez 08 selection,ID_SK,-1,-1;KMENU KMENU true false false 2 Short 0 2 ,First,#,ZF_2008_stoji,KMENU,-1,-1;kfhc kfhc true false false 4 Short 0 4 ,First,#,ZF_2008_stoji,kfhc,-1,-1;CH_POLOHA CH_POLOHA true false false 1 Text 0 0 ,First,#,ZF_2008_stoji,CH_POLOHA,-1,-1,all_S bez 08 selection,CH_POLOHA,-1,-1;SIGEO_NUMB SIGEO_NUMB true false false 4 Short 0 4 ,First,#,all_S bez 08 selection,SIGEO_NUMB,-1,-1;SIGEO_KMEN SIGEO_KMEN true false false 1 Short 0 1 ,First,#,all_S bez 08 selection,SIGEO_KMEN,-1,-1;CH_ROZKLAD CH_ROZKLAD true false false 1 Text 0 0 ,First,#,all_S bez 08 selection,CH_ROZKLAD,-1,-1;DELKA DELKA true false false 4 Float 1 3 ,First,#,all_S bez 08 selection,DELKA,-1,-1;sdfgdgf sdfgdgf true false false 50 Text 0 0 ,First,#,all_S bez 08 selection,sdfgdgf,-1,-1;VYR_VYSKA VYR_VYSKA true false false 4 Float 1 3 ,First,#,all_S bez 08 selection,VYR_VYSKA,-1,-1;ZAKLADNA ZAKLADNA true false false 6 Float 4 5 ,First,#,all_S bez 08 selection,ZAKLADNA,-1,-1;OBJEM OBJEM true false false 5 Float 2 4 ,First,#,all_S bez 08 selection,OBJEM,-1,-1;DBH_MM DBH_MM true false false 19 Double 5 18 ,First,#,all_S bez 08 selection,DBH_MM,-1,-1;HEIGHT_M HEIGHT_M true false false 19 Double 5 18 ,First,#,all_S bez 08 selection,HEIGHT_M,-1,-1;PL_ID PL_ID true false false 12 Text 0 0 ,First,#,all_S bez 08 selection,PL_ID,-1,-1"</Process><Process ToolSource="c:\program files\arcgis\desktop10.2\ArcToolbox\Toolboxes\Data Management Tools.tbx\CalculateField" Date="20140326" Time="143542">CalculateField ZF_2008_S_V KUZE_ID "( [STROM_ID]*100)+ [KMEN_ID]" VB #</Process><Process ToolSource="c:\program files\arcgis\desktop10.2\ArcToolbox\Toolboxes\Data Management Tools.tbx\CalculateField" Date="20140331" Time="104558">CalculateField ZF_2008_S_V ID_SK "[STROM_ID] &amp;"_" &amp; [KMEN_ID]" VB #</Process><Process ToolSource="c:\program files\arcgis\desktop10.2\ArcToolbox\Toolboxes\Data Management Tools.tbx\CalculateField" Date="20140401" Time="103812">CalculateField ZF_2008_S_V ID_SK "[STROM_ID] &amp;"_" &amp; [KMEN_ID]" VB #</Process><Process ToolSource="c:\program files\arcgis\desktop10.2\ArcToolbox\Toolboxes\Data Management Tools.tbx\CalculateField" Date="20140401" Time="105415">CalculateField ZF_2008_S_V CH_TVAR "Z" VB #</Process><Process ToolSource="c:\program files\arcgis\desktop10.2\ArcToolbox\Toolboxes\Data Management Tools.tbx\CalculateField" Date="20140401" Time="105809">CalculateField ZF_2008_S_V STROM_ID 202448 VB #</Process><Process ToolSource="c:\program files\arcgis\desktop10.2\ArcToolbox\Toolboxes\Data Management Tools.tbx\CalculateField" Date="20140401" Time="105828">CalculateField ZF_2008_S_V ID_SK "202448_2" VB #</Process><Process ToolSource="c:\program files\arcgis\desktop10.2\ArcToolbox\Toolboxes\Data Management Tools.tbx\CalculateField" Date="20140401" Time="105856">CalculateField ZF_2008_S_V KMEN_ID 2 VB #</Process><Process ToolSource="c:\program files\arcgis\desktop10.2\ArcToolbox\Toolboxes\Data Management Tools.tbx\CalculateField" Date="20140401" Time="110022">CalculateField ZF_2008_S_V STROM_ID 300776 VB #</Process><Process ToolSource="c:\program files\arcgis\desktop10.2\ArcToolbox\Toolboxes\Data Management Tools.tbx\CalculateField" Date="20140401" Time="110028">CalculateField ZF_2008_S_V KMEN_ID 2 VB #</Process><Process ToolSource="c:\program files\arcgis\desktop10.2\ArcToolbox\Toolboxes\Data Management Tools.tbx\CalculateField" Date="20140401" Time="114401">CalculateField ZF_2008_S_V ID_SK "[STROM_ID] &amp;"_" &amp; [KMEN_ID]" VB #</Process><Process ToolSource="c:\program files\arcgis\desktop10.2\ArcToolbox\Toolboxes\Data Management Tools.tbx\CalculateField" Date="20140401" Time="115548">CalculateField ZF_2008_S_V KUZE_ID "([STROM_ID]*100)+ [KMEN_ID]" VB #</Process><Process ToolSource="c:\program files\arcgis\desktop10.2\ArcToolbox\Toolboxes\Data Management Tools.tbx\CalculateField" Date="20140402" Time="133701">CalculateField ZF_2008_S_V KUZE_ID "( [STROM_ID]*100)+ [KMEN_ID]" VB #</Process><Process ToolSource="c:\program files\arcgis\desktop10.2\ArcToolbox\Toolboxes\Data Management Tools.tbx\CalculateField" Date="20140403" Time="094350">CalculateField ZF_2008_S_V KMEN_ID 1 VB #</Process><Process ToolSource="c:\program files\arcgis\desktop10.2\ArcToolbox\Toolboxes\Data Management Tools.tbx\CalculateField" Date="20140403" Time="094403">CalculateField ZF_2008_S_V ID_SK "116508_1" VB #</Process><Process ToolSource="c:\program files\arcgis\desktop10.2\ArcToolbox\Toolboxes\Data Management Tools.tbx\CalculateField" Date="20140403" Time="094540">CalculateField ZF_2008_S_V KUZE_ID "( [STROM_ID] *100)+ [KMEN_ID]" VB #</Process><Process ToolSource="c:\program files\arcgis\desktop10.2\ArcToolbox\Toolboxes\Data Management Tools.tbx\CalculateField" Date="20140408" Time="130409">CalculateField ZF_2008_S_V ID_SK "[STROM_ID] &amp;"_" &amp; [KMEN_ID]" VB #</Process><Process ToolSource="c:\program files\arcgis\desktop10.2\ArcToolbox\Toolboxes\Data Management Tools.tbx\CalculateField" Date="20140408" Time="132742">CalculateField ZF_2008_S_V ID_SK "[STROM_ID] &amp;"_" &amp; [KMEN_ID]" VB #</Process><Process ToolSource="c:\program files\arcgis\desktop10.2\ArcToolbox\Toolboxes\Data Management Tools.tbx\CalculateField" Date="20140408" Time="170805">CalculateField ZF_2008_S_V ID_SK "[STROM_ID] &amp;"_" &amp; [KMEN_ID]" VB #</Process><Process ToolSource="c:\program files\arcgis\desktop10.2\ArcToolbox\Toolboxes\Data Management Tools.tbx\CalculateField" Date="20140408" Time="170944">CalculateField ZF_2008_S_V KUZE_ID "( [STROM_ID]*100)+ [KMEN_ID]" VB #</Process><Process ToolSource="c:\program files\arcgis\desktop10.2\ArcToolbox\Toolboxes\Data Management Tools.tbx\CalculateField" Date="20140624" Time="152128">CalculateField ZF_2008_S_V STROM_ID 301529 VB #</Process><Process ToolSource="c:\program files\arcgis\desktop10.2\ArcToolbox\Toolboxes\Data Management Tools.tbx\CalculateField" Date="20140624" Time="152150">CalculateField ZF_2008_S_V KMEN_ID 2 VB #</Process><Process ToolSource="c:\program files\arcgis\desktop10.2\ArcToolbox\Toolboxes\Data Management Tools.tbx\CalculateField" Date="20140707" Time="112746">CalculateField ZF_2008_S_V STROM_ID 304089 VB #</Process><Process ToolSource="c:\program files\arcgis\desktop10.2\ArcToolbox\Toolboxes\Data Management Tools.tbx\CalculateField" Date="20140707" Time="112800">CalculateField ZF_2008_S_V ID_puvod 0 VB #</Process><Process ToolSource="c:\program files\arcgis\desktop10.2\ArcToolbox\Toolboxes\Data Management Tools.tbx\CalculateField" Date="20140707" Time="112819">CalculateField ZF_2008_S_V POZNAMKA ZAPOMENUTY VB #</Process><Process ToolSource="c:\program files\arcgis\desktop10.2\ArcToolbox\Toolboxes\Data Management Tools.tbx\CalculateField" Date="20140707" Time="112828">CalculateField ZF_2008_S_V POZNAMKA "ZAPOMENUTY" VB #</Process><Process ToolSource="c:\program files\arcgis\desktop10.2\ArcToolbox\Toolboxes\Data Management Tools.tbx\CalculateField" Date="20140707" Time="130837">CalculateField ZF_2008_S_V KUZE_ID "([STROM_ID]*100)+ [KMEN_ID]" VB #</Process><Process ToolSource="c:\program files\arcgis\desktop10.2\ArcToolbox\Toolboxes\Data Management Tools.tbx\CalculateField" Date="20140707" Time="131036">CalculateField ZF_2008_S_V ID_SK "[STROM_ID] &amp;"_" &amp; [KMEN_ID]" VB #</Process><Process ToolSource="c:\program files\arcgis\desktop10.2\ArcToolbox\Toolboxes\Data Management Tools.tbx\CalculateField" Date="20140819" Time="134958">CalculateField ZF_2008_S_V ID_SK "[STROM_ID] &amp;"_" &amp; [KMEN_ID]" VB #</Process><Process ToolSource="c:\program files\arcgis\desktop10.2\ArcToolbox\Toolboxes\Data Management Tools.tbx\CalculateField" Date="20140819" Time="140043">CalculateField ZF_2008_S_V KUZE_ID "( [STROM_ID]*100)+ [KMEN_ID]" VB #</Process><Process ToolSource="c:\program files\arcgis\desktop10.2\ArcToolbox\Toolboxes\Data Management Tools.tbx\CalculateField" Date="20140826" Time="162928">CalculateField ZF_2008_S_V KUZE_ID "( [STROM_ID] *100)+ [KMEN_ID]" VB #</Process><Process ToolSource="c:\program files (x86)\arcgis\desktop10.2\ArcToolbox\Toolboxes\Data Management Tools.tbx\CalculateField" Date="20141026" Time="175049">CalculateField ZF_2008_S_V ID_SK "[STROM_ID] &amp;"_" &amp; [KMEN_ID]" VB #</Process><Process ToolSource="c:\program files (x86)\arcgis\desktop10.2\ArcToolbox\Toolboxes\Data Management Tools.tbx\CalculateField" Date="20141027" Time="151321">CalculateField ZF_2008_S_V DREVINA "SM" VB #</Process><Process ToolSource="c:\program files (x86)\arcgis\desktop10.2\ArcToolbox\Toolboxes\Data Management Tools.tbx\CalculateField" Date="20141027" Time="151329">CalculateField ZF_2008_S_V KMEN_ID "1" VB #</Process><Process ToolSource="c:\program files (x86)\arcgis\desktop10.2\ArcToolbox\Toolboxes\Data Management Tools.tbx\CalculateField" Date="20141027" Time="151337">CalculateField ZF_2008_S_V CH_TVAR "X" VB #</Process><Process ToolSource="c:\program files (x86)\arcgis\desktop10.2\ArcToolbox\Toolboxes\Data Management Tools.tbx\CalculateField" Date="20141027" Time="151405">CalculateField ZF_2008_S_V VYCETNI_TL 76 VB #</Process><Process ToolSource="c:\program files (x86)\arcgis\desktop10.2\ArcToolbox\Toolboxes\Data Management Tools.tbx\CalculateField" Date="20141027" Time="151412">CalculateField ZF_2008_S_V VYSKA 39 VB #</Process><Process ToolSource="c:\program files (x86)\arcgis\desktop10.2\ArcToolbox\Toolboxes\Data Management Tools.tbx\CalculateField" Date="20141029" Time="143041">CalculateField ZF_2008_S_V STROM_ID "304100 + [KUZE_ID]" VB #</Process><Process ToolSource="c:\program files (x86)\arcgis\desktop10.2\ArcToolbox\Toolboxes\Data Management Tools.tbx\CalculateField" Date="20141029" Time="143157">CalculateField ZF_2008_S_V KUZE_ID 0 VB #</Process><Process ToolSource="c:\program files (x86)\arcgis\desktop10.2\ArcToolbox\Toolboxes\Data Management Tools.tbx\CalculateField" Date="20141029" Time="143206">CalculateField ZF_2008_S_V KUZE_ID "" VB #</Process><Process ToolSource="c:\program files (x86)\arcgis\desktop10.2\ArcToolbox\Toolboxes\Data Management Tools.tbx\CalculateField" Date="20141029" Time="143414">CalculateField ZF_2008_S_V CH_POLOHA "A" VB #</Process><Process ToolSource="c:\program files (x86)\arcgis\desktop10.2\ArcToolbox\Toolboxes\Data Management Tools.tbx\CalculateField" Date="20141029" Time="145233">CalculateField ZF_2008_S_V ID_SK "[STROM_ID] &amp;"_" &amp; [KMEN_ID]" VB #</Process><Process ToolSource="c:\program files (x86)\arcgis\desktop10.2\ArcToolbox\Toolboxes\Data Management Tools.tbx\CalculateField" Date="20141110" Time="175500">CalculateField ZF_2008_S_V ID_SK "[STROM_ID] &amp;"_" &amp; [KMEN_ID]" VB #</Process><Process ToolSource="c:\program files (x86)\arcgis\desktop10.2\ArcToolbox\Toolboxes\Data Management Tools.tbx\CalculateField" Date="20151020" Time="123816">CalculateField ZF_2008_S KUZE_ID "( [STROM_ID]*100)+ [KMEN_ID]" VB #</Process><Process ToolSource="c:\program files (x86)\arcgis\desktop10.3\ArcToolbox\Toolboxes\Data Management Tools.tbx\Merge" Date="20160107" Time="104155">Merge ZF_2008_S;stojici_2014_Merge D:\PE\Rehorkova\Rehorkova\ZOFIN_SOURCE\VEKTORY_KMENY\ZF_2008_S_KOMPLET.shp "STROM_ID "STROM_ID" true true false 6 Long 0 6 ,First,#,ZF_2008_S,STROM_ID,-1,-1,stojici_2014_Merge,STROM_ID,-1,-1;DREVINA "DREVINA" true true false 4 Text 0 0 ,First,#,ZF_2008_S,DREVINA,-1,-1,stojici_2014_Merge,DREVINA,-1,-1;KMEN_ID "KMEN_ID" true true false 2 Short 0 2 ,First,#,ZF_2008_S,KMEN_ID,-1,-1,stojici_2014_Merge,KMEN_ID,-1,-1;CH_TVAR "CH_TVAR" true true false 1 Text 0 0 ,First,#,ZF_2008_S,CH_TVAR,-1,-1,stojici_2014_Merge,CH_TVAR,-1,-1;CH_ORIENT "CH_ORIENT" true true false 1 Text 0 0 ,First,#,ZF_2008_S,CH_ORIENT,-1,-1,stojici_2014_Merge,CH_ORIENT,-1,-1;VYSKA "VYSKA" true true false 5 Float 1 4 ,First,#,ZF_2008_S,VYSKA,-1,-1,stojici_2014_Merge,VYSKA,-1,-1;VYCETNI_TL "VYCETNI_TL" true true false 3 Short 0 3 ,First,#,ZF_2008_S,VYCETNI_TL,-1,-1,stojici_2014_Merge,VYCETNI_TL,-1,-1;VRCHOL_TL "VRCHOL_TL" true true false 3 Short 0 3 ,First,#,ZF_2008_S,VRCHOL_TL,-1,-1,stojici_2014_Merge,VRCHOL_TL,-1,-1;POZNAMKA "POZNAMKA" true true false 50 Text 0 0 ,First,#,ZF_2008_S,POZNAMKA,-1,-1,stojici_2014_Merge,POZNAMKA,-1,-1;ID_SK "ID_SK" true true false 12 Text 0 0 ,First,#,ZF_2008_S,ID_SK,-1,-1,stojici_2014_Merge,ID_SK,-1,-1;KMENU "KMENU" true true false 2 Short 0 2 ,First,#,ZF_2008_S,KMENU,-1,-1;CH_POLOHA "CH_POLOHA" true true false 1 Text 0 0 ,First,#,ZF_2008_S,CH_POLOHA,-1,-1;ID_puvod "ID_puvod" true true false 6 Long 0 6 ,First,#,ZF_2008_S,ID_puvod,-1,-1;AMEBA "AMEBA" true true false 1 Text 0 0 ,First,#,ZF_2008_S,AMEBA,-1,-1;X_START "X_START" true true false 16 Double 3 15 ,First,#,ZF_2008_S,X_START,-1,-1;Y_START "Y_START" true true false 16 Double 3 15 ,First,#,ZF_2008_S,Y_START,-1,-1;KUZE_ID "KUZE_ID" true true false 8 Long 0 8 ,First,#,ZF_2008_S,KUZE_ID,-1,-1,stojici_2014_Merge,KUZE_ID,-1,-1;IDfull "IDfull" true true false 21 Text 0 0 ,First,#,stojici_2014_Merge,IDfull,-1,-1;IDPlots "IDPlots" true true false 10 Long 0 10 ,First,#,stojici_2014_Merge,IDPlots,-1,-1;ID "ID" true true false 10 Long 0 10 ,First,#,stojici_2014_Merge,ID,-1,-1;PROJEKT "PROJEKT" true true false 5 Text 0 0 ,First,#,stojici_2014_Merge,PROJEKT,-1,-1;DR_VTL "DR_VTL" true true false 12 Text 0 0 ,First,#,stojici_2014_Merge,DR_VTL,-1,-1;pomocne "pomocne" true true false 12 Double 0 12 ,First,#,stojici_2014_Merge,pomocne,-1,-1;X "X" true true false 16 Double 3 15 ,First,#,stojici_2014_Merge,X,-1,-1;Y "Y" true true false 16 Double 3 15 ,First,#,stojici_2014_Merge,Y,-1,-1;VA "VA" true true false 4 Short 0 4 ,First,#,stojici_2014_Merge,VA,-1,-1"</Process><Process ToolSource="c:\program files (x86)\arcgis\desktop10.3\ArcToolbox\Toolboxes\Data Management Tools.tbx\CalculateField" Date="20160107" Time="104805">CalculateField ZF_2008_S_KOMPLET ID_SK "[STROM_ID] &amp;"_" &amp; [KMEN_ID]" VB #</Process><Process ToolSource="c:\program files (x86)\arcgis\desktop10.3\ArcToolbox\Toolboxes\Data Management Tools.tbx\CalculateField" Date="20160108" Time="095812">CalculateField ZF_2008_S_KOMPLET VA 1 VB #</Process><Process ToolSource="c:\program files (x86)\arcgis\desktop10.3\ArcToolbox\Toolboxes\Data Management Tools.tbx\CalculateField" Date="20160108" Time="095906">CalculateField ZF_2008_S_KOMPLET CH_POLOHA "S" VB #</Process><Process ToolSource="c:\program files (x86)\arcgis\desktop10.3\ArcToolbox\Toolboxes\Data Management Tools.tbx\CalculateField" Date="20160108" Time="095928">CalculateField ZF_2008_S_KOMPLET CH_POLOHA "S" VB #</Process><Process ToolSource="c:\program files (x86)\arcgis\desktop10.3\ArcToolbox\Toolboxes\Data Management Tools.tbx\CalculateField" Date="20160108" Time="105131">CalculateField ZF_2008_S_KOMPLET ID_SK "[STROM_ID] &amp;"_" &amp; [KMEN_ID]" VB #</Process><Process ToolSource="c:\program files (x86)\arcgis\desktop10.3\ArcToolbox\Toolboxes\Data Management Tools.tbx\CalculateField" Date="20160112" Time="143206">CalculateField ZF_2008_S_KOMPLET KUZE_ID "( [STROM_ID]*100)+ [KMEN_ID]" VB #</Process><Process ToolSource="c:\program files (x86)\arcgis\desktop10.3\ArcToolbox\Toolboxes\Data Management Tools.tbx\CalculateField" Date="20160112" Time="143222">CalculateField ZF_2008_S_KOMPLET KUZE_ID "( [STROM_ID]*100)+ [KMEN_ID]" VB #</Process><Process ToolSource="c:\program files (x86)\arcgis\desktop10.3\ArcToolbox\Toolboxes\Data Management Tools.tbx\CalculateField" Date="20160113" Time="081846">CalculateField ZF_2008_S_KOMPLET ID_SK "[STROM_ID] &amp;"_" &amp; [KMEN_ID]" VB #</Process><Process ToolSource="c:\program files (x86)\arcgis\desktop10.3\ArcToolbox\Toolboxes\Data Management Tools.tbx\CalculateField" Date="20160113" Time="082037">CalculateField ZF_2008_S_KOMPLET ID_SK "[STROM_ID] &amp;"_" &amp; [KMEN_ID]" VB #</Process><Process ToolSource="c:\program files (x86)\arcgis\desktop10.3\ArcToolbox\Toolboxes\Data Management Tools.tbx\CalculateField" Date="20160113" Time="082133">CalculateField ZF_2008_S_KOMPLET ID_SK "[STROM_ID] &amp;"_" &amp; [KMEN_ID]" VB #</Process><Process ToolSource="c:\program files (x86)\arcgis\desktop10.3\ArcToolbox\Toolboxes\Data Management Tools.tbx\CalculateField" Date="20160113" Time="082227">CalculateField ZF_2008_S_KOMPLET ID_SK "[STROM_ID] &amp;"_" &amp; [KMEN_ID]" VB #</Process><Process ToolSource="c:\program files (x86)\arcgis\desktop10.3\ArcToolbox\Toolboxes\Data Management Tools.tbx\CalculateField" Date="20160113" Time="160327">CalculateField ZF_2008_S_KOMPLET ID_SK "[STROM_ID] &amp;"_" &amp; [KMEN_ID]" VB #</Process><Process ToolSource="c:\program files (x86)\arcgis\desktop10.3\ArcToolbox\Toolboxes\Data Management Tools.tbx\CalculateField" Date="20160114" Time="145942">CalculateField ZF_2008_S_KOMPLET ID_SK "[STROM_ID] &amp;"_" &amp; [KMEN_ID]" VB #</Process><Process ToolSource="c:\program files (x86)\arcgis\desktop10.3\ArcToolbox\Toolboxes\Data Management Tools.tbx\CalculateField" Date="20160114" Time="160542">CalculateField ZF_2008_S_KOMPLET ID_SK "[STROM_ID] &amp;"_" &amp; [KMEN_ID]" VB #</Process><Process ToolSource="c:\program files (x86)\arcgis\desktop10.3\ArcToolbox\Toolboxes\Data Management Tools.tbx\CalculateField" Date="20160114" Time="162418">CalculateField ZF_2008_S_KOMPLET ID_SK "[STROM_ID] &amp;"_" &amp; [KMEN_ID]" VB #</Process><Process ToolSource="c:\program files (x86)\arcgis\desktop10.3\ArcToolbox\Toolboxes\Data Management Tools.tbx\CalculateField" Date="20160114" Time="162711">CalculateField ZF_2008_S_KOMPLET KUZE_ID "([STROM_ID]*100)+ [KMEN_ID]" VB #</Process><Process ToolSource="c:\program files (x86)\arcgis\desktop10.3\ArcToolbox\Toolboxes\Data Management Tools.tbx\CalculateField" Date="20160114" Time="165601">CalculateField ZF_2008_S_KOMPLET CH_ORIENT "D" VB #</Process><Process ToolSource="c:\program files (x86)\arcgis\desktop10.3\ArcToolbox\Toolboxes\Data Management Tools.tbx\CalculateField" Date="20160114" Time="165630">CalculateField ZF_2008_S_KOMPLET CH_ORIENT "T" VB #</Process><Process ToolSource="c:\program files (x86)\arcgis\desktop10.3\ArcToolbox\Toolboxes\Data Management Tools.tbx\CalculateField" Date="20160114" Time="165651">CalculateField ZF_2008_S_KOMPLET CH_ORIENT "C" VB #</Process><Process ToolSource="c:\program files (x86)\arcgis\desktop10.3\ArcToolbox\Toolboxes\Data Management Tools.tbx\CalculateField" Date="20160114" Time="165708">CalculateField ZF_2008_S_KOMPLET CH_ORIENT "T" VB #</Process><Process ToolSource="c:\program files (x86)\arcgis\desktop10.3\ArcToolbox\Toolboxes\Data Management Tools.tbx\CalculateField" Date="20160115" Time="104028">CalculateField ZF_2008_S_KOMPLET ID_SK "[STROM_ID] &amp;"_" &amp; [KMEN_ID]" VB #</Process><Process ToolSource="c:\program files (x86)\arcgis\desktop10.3\ArcToolbox\Toolboxes\Data Management Tools.tbx\CalculateField" Date="20160115" Time="104418">CalculateField ZF_2008_S_KOMPLET KUZE_ID ([STROM_ID]*100)+[KMEN_ID] VB #</Process><Process ToolSource="c:\program files (x86)\arcgis\desktop10.3\ArcToolbox\Toolboxes\Data Management Tools.tbx\CalculateField" Date="20160115" Time="113414">CalculateField ZF_2008_S_KOMPLET CH_POLOHA "S" VB #</Process><Process ToolSource="c:\program files (x86)\arcgis\desktop10.3\ArcToolbox\Toolboxes\Data Management Tools.tbx\CalculateField" Date="20160115" Time="120033">CalculateField ZF_2008_S_KOMPLET ID_SK "[STROM_ID] &amp;"_" &amp; [KMEN_ID]" VB #</Process><Process ToolSource="c:\program files (x86)\arcgis\desktop10.3\ArcToolbox\Toolboxes\Data Management Tools.tbx\CalculateField" Date="20160115" Time="120212">CalculateField ZF_2008_S_KOMPLET KUZE_ID "([STROM_ID]*100)+ [KMEN_ID]" VB #</Process><Process ToolSource="c:\program files (x86)\arcgis\desktop10.3\ArcToolbox\Toolboxes\Data Management Tools.tbx\CalculateField" Date="20160324" Time="123121">CalculateField ZF_2008_S_KOMPLET KUZE_ID "([STROM_ID]*100)+ [KMEN_ID]" VB #</Process><Process ToolSource="c:\program files (x86)\arcgis\desktop10.3\ArcToolbox\Toolboxes\Data Management Tools.tbx\CalculateField" Date="20160331" Time="102441">CalculateField ZF_2008_S_KOMPLET ID_SK "[STROM_ID] &amp;"_" &amp; [KMEN_ID]" VB #</Process><Process ToolSource="c:\program files (x86)\arcgis\desktop10.3\ArcToolbox\Toolboxes\Data Management Tools.tbx\CalculateField" Date="20230210" Time="181711">CalculateField census_2008_point Species "Fagus sylvatica" VB #</Process><Process ToolSource="c:\program files (x86)\arcgis\desktop10.3\ArcToolbox\Toolboxes\Data Management Tools.tbx\CalculateField" Date="20230211" Time="095054">CalculateField census_2008_point TreeID [STROM_ID] VB #</Process><Process ToolSource="c:\program files (x86)\arcgis\desktop10.3\ArcToolbox\Toolboxes\Data Management Tools.tbx\CalculateField" Date="20230211" Time="095100">CalculateField census_2008_point StemID [KMEN_ID] VB #</Process><Process ToolSource="c:\program files (x86)\arcgis\desktop10.3\ArcToolbox\Toolboxes\Data Management Tools.tbx\CalculateField" Date="20230211" Time="095110">CalculateField census_2008_point PieceID "a" VB #</Process><Process ToolSource="c:\program files (x86)\arcgis\desktop10.3\ArcToolbox\Toolboxes\Data Management Tools.tbx\CalculateField" Date="20230211" Time="104708">CalculateField census_2008_point Status "Alive whole standing stem" VB #</Process><Process ToolSource="c:\program files (x86)\arcgis\desktop10.3\ArcToolbox\Toolboxes\Data Management Tools.tbx\CalculateField" Date="20230211" Time="224416">CalculateField census_2008_point DBH_mm [VYCETNI_TL]*10 VB #</Process><Process ToolSource="c:\program files (x86)\arcgis\desktop10.3\ArcToolbox\Toolboxes\Data Management Tools.tbx\CalculateField" Date="20230211" Time="230819">CalculateField census_2008_point Height_m [VYSKA] VB #</Process><Process ToolSource="c:\program files (x86)\arcgis\desktop10.3\ArcToolbox\Toolboxes\Data Management Tools.tbx\CalculateField" Date="20230212" Time="193609">CalculateField census_2008_point Decomposit "N/A" VB #</Process></lineage><itemProps><itemName Sync="TRUE">census_2008_point</itemName><imsContentType Sync="TRUE">002</imsContentType><itemSize Sync="TRUE">0.000</itemSize><itemLocation><linkage Sync="TRUE">file://\\DUSANADAM\D\__zf_pool\wrk2\census_2008_point.shp</linkage><protocol Sync="TRUE">Local Area Network</protocol></itemLocation></itemProps><coordRef><type Sync="TRUE">Projected</type><geogcsn Sync="TRUE">GCS_S_JTSK</geogcsn><csUnits Sync="TRUE">Linear Unit: Meter (1.000000)</csUnits><projcsn Sync="TRUE">S-JTSK_Krovak_East_North</projcsn><peXml Sync="TRUE">&lt;ProjectedCoordinateSystem xsi:type='typens:ProjectedCoordinateSystem' xmlns:xsi='http://www.w3.org/2001/XMLSchema-instance' xmlns:xs='http://www.w3.org/2001/XMLSchema' xmlns:typens='http://www.esri.com/schemas/ArcGIS/10.3'&gt;&lt;WKT&gt;PROJCS[&amp;quot;S-JTSK_Krovak_East_North&amp;quot;,GEOGCS[&amp;quot;GCS_S_JTSK&amp;quot;,DATUM[&amp;quot;D_S_JTSK&amp;quot;,SPHEROID[&amp;quot;Bessel_1841&amp;quot;,6377397.155,299.1528128]],PRIMEM[&amp;quot;Greenwich&amp;quot;,0.0],UNIT[&amp;quot;Degree&amp;quot;,0.0174532925199433]],PROJECTION[&amp;quot;Krovak&amp;quot;],PARAMETER[&amp;quot;False_Easting&amp;quot;,0.0],PARAMETER[&amp;quot;False_Northing&amp;quot;,0.0],PARAMETER[&amp;quot;Pseudo_Standard_Parallel_1&amp;quot;,78.5],PARAMETER[&amp;quot;Scale_Factor&amp;quot;,0.9999],PARAMETER[&amp;quot;Azimuth&amp;quot;,30.28813975277778],PARAMETER[&amp;quot;Longitude_Of_Center&amp;quot;,24.83333333333333],PARAMETER[&amp;quot;Latitude_Of_Center&amp;quot;,49.5],PARAMETER[&amp;quot;X_Scale&amp;quot;,-1.0],PARAMETER[&amp;quot;Y_Scale&amp;quot;,1.0],PARAMETER[&amp;quot;XY_Plane_Rotation&amp;quot;,90.0],UNIT[&amp;quot;Meter&amp;quot;,1.0],AUTHORITY[&amp;quot;EPSG&amp;quot;,5514]]&lt;/WKT&gt;&lt;XOrigin&gt;-33699800&lt;/XOrigin&gt;&lt;YOrigin&gt;-33699800&lt;/YOrigin&gt;&lt;XYScale&gt;133638764.24698351&lt;/XYScale&gt;&lt;ZOrigin&gt;-100000&lt;/ZOrigin&gt;&lt;ZScale&gt;10000&lt;/ZScale&gt;&lt;MOrigin&gt;-100000&lt;/MOrigin&gt;&lt;MScale&gt;10000&lt;/MScale&gt;&lt;XYTolerance&gt;0.001&lt;/XYTolerance&gt;&lt;ZTolerance&gt;0.001&lt;/ZTolerance&gt;&lt;MTolerance&gt;0.001&lt;/MTolerance&gt;&lt;HighPrecision&gt;true&lt;/HighPrecision&gt;&lt;WKID&gt;102067&lt;/WKID&gt;&lt;LatestWKID&gt;5514&lt;/LatestWKID&gt;&lt;/ProjectedCoordinateSystem&gt;</peXml></coordRef><copyHistory><copy source="D:\__zf_pool\gis_diskS\ZF_2008_S" dest="\\DUSANADAM\D\__zf_pool\gis_src\ZF_2008_S" date="20230201" time="16182500"></copy></copyHistory></DataProperties><ArcGISFormat>1.0</ArcGISFormat></Esri><idinfo><native Sync="TRUE"> Version 6.1 (Build 7601) Service Pack 1; ESRI ArcCatalog 9.2.6.1500</native><descript><langdata Sync="TRUE">cs</langdata><abstract>REQUIRED: A brief narrative summary of the data set.</abstract><purpose>REQUIRED: A summary of the intentions with which the data set was developed.</purpose></descript><citation><citeinfo><origin>REQUIRED: The name of an organization or individual that developed the data set.</origin><pubdate>REQUIRED: The date when the data set is published or otherwise made available for release.</pubdate><title Sync="TRUE">ZF_2008_stoji_M</title><ftname Sync="TRUE">ZF_2008_stoji_M</ftname><geoform Sync="TRUE">vector digital data</geoform><onlink Sync="TRUE">\\PCB34-DOLEZELOV\D$\PE\rehorkova\ZOFIN_SOURCE\ZOFIN_AMEBA_MALA\SIGEO_gis_vrstvy_finalni\ZF_2008_stoji_M.shp</onlink></citeinfo></citation><timeperd><current>REQUIRED: The basis on which the time period of content information is determined.</current><timeinfo><sngdate><caldate>REQUIRED: The year (and optionally month, or month and day) for which the data set corresponds to the ground.</caldate></sngdate></timeinfo></timeperd><status><progress>REQUIRED: The state of the data set.</progress><update>REQUIRED: The frequency with which changes and additions are made to the data set after the initial data set is completed.</update></status><spdom><bounding><westbc Sync="TRUE">REQUIRED: Western-most coordinate of the limit of coverage expressed in longitude.</westbc><eastbc Sync="TRUE">REQUIRED: Eastern-most coordinate of the limit of coverage expressed in longitude.</eastbc><northbc Sync="TRUE">REQUIRED: Northern-most coordinate of the limit of coverage expressed in latitude.</northbc><southbc Sync="TRUE">REQUIRED: Southern-most coordinate of the limit of coverage expressed in latitude.</southbc></bounding></spdom><keywords><theme><themekt>REQUIRED: Reference to a formally registered thesaurus or a similar authoritative source of theme keywords.</themekt><themekey>REQUIRED: Common-use word or phrase used to describe the subject of the data set.</themekey></theme></keywords><accconst>REQUIRED: Restrictions and legal prerequisites for accessing the data set.</accconst><useconst>REQUIRED: Restrictions and legal prerequisites for using the data set after access is granted.</useconst><natvform Sync="TRUE">Shapefile</natvform></idinfo><dataIdInfo><envirDesc Sync="TRUE"> Version 6.2 (Build 9200) ; Esri ArcGIS 10.3.0.4284</envirDesc><dataLang><languageCode Sync="TRUE" value="ces"></languageCode><countryCode value="CZE" Sync="TRUE"></countryCode></dataLang><idCitation><resTitle Sync="TRUE">census_2008_point</resTitle><presForm><PresFormCd Sync="TRUE" value="005"></PresFormCd></presForm></idCitation><spatRpType><SpatRepTypCd Sync="TRUE" value="001"></SpatRepTypCd></spatRpType></dataIdInfo><metainfo><langmeta Sync="TRUE">cs</langmeta><metstdn Sync="TRUE">FGDC Content Standards for Digital Geospatial Metadata</metstdn><metstdv Sync="TRUE">FGDC-STD-001-1998</metstdv><mettc Sync="TRUE">local time</mettc><metc><cntinfo><cntorgp><cntper>REQUIRED: The person responsible for the metadata information.</cntper><cntorg>REQUIRED: The organization responsible for the metadata information.</cntorg></cntorgp><cntaddr><addrtype>REQUIRED: The mailing and/or physical address for the organization or individual.</addrtype><city>REQUIRED: The city of the address.</city><state>REQUIRED: The state or province of the address.</state><postal>REQUIRED: The ZIP or other postal code of the address.</postal></cntaddr><cntvoice>REQUIRED: The telephone number by which individuals can speak to the organization or individual.</cntvoice></cntinfo></metc><metd Sync="TRUE">20130823</metd></metainfo><mdLang><languageCode Sync="TRUE" value="ces"></languageCode><countryCode value="CZE" Sync="TRUE"></countryCode></mdLang><mdStanName Sync="TRUE">ISO 19115 Geographic Information - Metadata</mdStanName><mdStanVer Sync="TRUE">DIS_ESRI1.0</mdStanVer><mdChar><CharSetCd Sync="TRUE" value="004"></CharSetCd></mdChar><mdHrLv><ScopeCd Sync="TRUE" value="005"></ScopeCd></mdHrLv><mdHrLvName Sync="TRUE">dataset</mdHrLvName><distinfo><resdesc Sync="TRUE">Downloadable Data</resdesc><stdorder><digform><digtinfo><transize Sync="TRUE">0,000</transize><dssize Sync="TRUE">0,000</dssize></digtinfo></digform></stdorder></distinfo><distInfo><distributor><distorTran><onLineSrc><orDesc Sync="TRUE">002</orDesc><linkage Sync="TRUE">file://\\PCB34-DOLEZELOV\D$\PE\rehorkova\ZOFIN_SOURCE\ZOFIN_AMEBA_MALA\SIGEO_gis_vrstvy_finalni\ZF_2008_stoji_M.shp</linkage><protocol Sync="TRUE">Local Area Network</protocol></onLineSrc><transSize Sync="TRUE">0,000</transSize></distorTran><distorFormat><formatName Sync="TRUE">Shapefile</formatName></distorFormat></distributor><distFormat><formatName Sync="TRUE">Shapefile</formatName></distFormat><distTranOps><transSize Sync="TRUE">0.000</transSize></distTranOps></distInfo><spdoinfo><direct Sync="TRUE">Vector</direct><ptvctinf><esriterm Name="census_2008_point"><efeatyp Sync="TRUE">Simple</efeatyp><efeageom code="1" Sync="TRUE"></efeageom><esritopo Sync="TRUE">FALSE</esritopo><efeacnt Sync="TRUE">0</efeacnt><spindex Sync="TRUE">FALSE</spindex><linrefer Sync="TRUE">FALSE</linrefer></esriterm></ptvctinf></spdoinfo><spref><horizsys><cordsysn><geogcsn Sync="TRUE">GCS_S_JTSK</geogcsn><projcsn Sync="TRUE">S-JTSK_Krovak_East_North</projcsn></cordsysn><planar><planci><plance Sync="TRUE">coordinate pair</plance><plandu Sync="TRUE">meters</plandu><coordrep><absres Sync="TRUE">0.000000</absres><ordres Sync="TRUE">0.000000</ordres></coordrep></planci></planar><geodetic><horizdn Sync="TRUE">D_S_JTSK</horizdn><ellips Sync="TRUE">Bessel_1841</ellips><semiaxis Sync="TRUE">6377397.155000</semiaxis><denflat Sync="TRUE">299.152813</denflat></geodetic></horizsys></spref><refSysInfo><RefSystem><refSysID><identCode Sync="TRUE" code="5514">S-JTSK_Krovak_East_North</identCode><idCodeSpace Sync="TRUE">EPSG</idCodeSpace><idVersion Sync="TRUE">8.2.6</idVersion></refSysID></RefSystem></refSysInfo><spatRepInfo><VectSpatRep><geometObjs Name="census_2008_point"><geoObjTyp><GeoObjTypCd value="004" Sync="TRUE"></GeoObjTypCd></geoObjTyp><geoObjCnt Sync="TRUE">0</geoObjCnt></geometObjs><topLvl><TopoLevCd value="001" Sync="TRUE"></TopoLevCd></topLvl></VectSpatRep></spatRepInfo><eainfo><detailed Name="census_2008_point"><enttyp><enttypl Sync="TRUE">census_2008_point</enttypl><enttypt Sync="TRUE">Feature Class</enttypt><enttypc Sync="TRUE">0</enttypc></enttyp><attr><attrlabl Sync="TRUE">FID</attrlabl><attalias Sync="TRUE">FID</attalias><attrtype Sync="TRUE">OID</attrtype><attwidth Sync="TRUE">4</attwidth><atprecis Sync="TRUE">0</atprecis><attscale Sync="TRUE">0</attscale><attrdef Sync="TRUE">Internal feature number.</attrdef><attrdefs Sync="TRUE">ESRI</attrdefs><attrdomv><udom Sync="TRUE">Sequential unique whole numbers that are automatically generated.</udom></attrdomv></attr><attr><attrlabl Sync="TRUE">Shape</attrlabl><attalias Sync="TRUE">Shape</attalias><attrtype Sync="TRUE">Geometry</attrtype><attwidth Sync="TRUE">0</attwidth><atprecis Sync="TRUE">0</atprecis><attscale Sync="TRUE">0</attscale><attrdef Sync="TRUE">Feature geometry.</attrdef><attrdefs Sync="TRUE">ESRI</attrdefs><attrdomv><udom Sync="TRUE">Coordinates defining the features.</udom></attrdomv></attr><attr><attrlabl Sync="TRUE">STROM_ID</attrlabl><attalias Sync="TRUE">STROM_ID</attalias><attrtype Sync="TRUE">Integer</attrtype><attwidth Sync="TRUE">6</attwidth><atprecis Sync="TRUE">6</atprecis><attscale Sync="TRUE">0</attscale></attr><attr><attrlabl Sync="TRUE">DREVINA</attrlabl><attalias Sync="TRUE">DREVINA</attalias><attrtype Sync="TRUE">String</attrtype><attwidth Sync="TRUE">4</attwidth><atprecis Sync="TRUE">0</atprecis><attscale Sync="TRUE">0</attscale></attr><attr><attrlabl Sync="TRUE">KMEN_ID</attrlabl><attalias Sync="TRUE">KMEN_ID</attalias><attrtype Sync="TRUE">SmallInteger</attrtype><attwidth Sync="TRUE">2</attwidth><atprecis Sync="TRUE">2</atprecis><attscale Sync="TRUE">0</attscale></attr><attr><attrlabl Sync="TRUE">CH_TVAR</attrlabl><attalias Sync="TRUE">CH_TVAR</attalias><attrtype Sync="TRUE">String</attrtype><attwidth Sync="TRUE">1</attwidth><atprecis Sync="TRUE">0</atprecis><attscale Sync="TRUE">0</attscale></attr><attr><attrlabl Sync="TRUE">VYSKA</attrlabl><attalias Sync="TRUE">VYSKA</attalias><attrtype Sync="TRUE">Single</attrtype><attwidth Sync="TRUE">5</attwidth><atprecis Sync="TRUE">4</atprecis><attscale Sync="TRUE">1</attscale></attr><attr><attrlabl Sync="TRUE">VYCETNI_TL</attrlabl><attalias Sync="TRUE">VYCETNI_TL</attalias><attrtype Sync="TRUE">SmallInteger</attrtype><attwidth Sync="TRUE">3</attwidth><atprecis Sync="TRUE">3</atprecis><attscale Sync="TRUE">0</attscale></attr></detailed></eainfo><mdDateSt Sync="TRUE">20230207</mdDateSt><dataqual><lineage><procstep><procdesc Sync="TRUE">Dataset copied.</procdesc><srcused Sync="TRUE">P:\PRALESY-ZDROJ\LOKALITY\ZF\GIS_PRAC\SPOLECNE_OUT\Stojici</srcused><procdate Sync="TRUE">20090402</procdate><proctime Sync="TRUE">08533600</proctime></procstep><procstep><procdesc Sync="TRUE">Dataset copied.</procdesc><srcused Sync="TRUE">P:\PRALESY-ZDROJ\LOKALITY\ZF\GIS\09-05-13 vc vysek\Stojici</srcused><procdate Sync="TRUE">20090608</procdate><proctime Sync="TRUE">09545300</proctime></procstep><procstep><procdesc Sync="TRUE">Dataset copied.</procdesc><srcused Sync="TRUE">D:\PE\paja\ZF_75\ZF_08_stojící</srcused><procdate Sync="TRUE">20100406</procdate><proctime Sync="TRUE">18112600</proctime></procstep><procstep><procdesc Sync="TRUE">Dataset copied.</procdesc><srcused Sync="TRUE">D:\PE\paja\zalohy_paja\06_04_10_ZF_08_stojící</srcused><procdate Sync="TRUE">20100408</procdate><proctime Sync="TRUE">15284900</proctime></procstep><procstep><procdesc Sync="TRUE">Dataset copied.</procdesc><srcused Sync="TRUE">D:\PE\paja\VUKOZ-zofin\ZF_75\ZF_08_stojící</srcused><procdate Sync="TRUE">20100510</procdate><proctime Sync="TRUE">08230300</proctime></procstep><procstep><procdesc Sync="TRUE">Dataset copied.</procdesc><srcused Sync="TRUE">D:\PE\paja\VUKOZ-zofin\ZF_75\ZF_08_stojící</srcused><procdate Sync="TRUE">20100512</procdate><proctime Sync="TRUE">08592300</proctime></procstep><procstep><procdesc Sync="TRUE">Dataset copied.</procdesc><srcused Sync="TRUE">D:\PE\paja\VUKOZ-zofin\ZF_75\ZF_08_stojící</srcused><procdate Sync="TRUE">20100514</procdate><proctime Sync="TRUE">09135100</proctime></procstep><procstep><procdesc Sync="TRUE">Dataset copied.</procdesc><srcused Sync="TRUE">D:\PE\paja\ZF_75\ZF_08_stojící</srcused><procdate Sync="TRUE">20100611</procdate><proctime Sync="TRUE">15203400</proctime></procstep><procstep><procdesc Sync="TRUE">Dataset copied.</procdesc><srcused Sync="TRUE">D:\PE\paja\zalohy_paja\11_06_10_ZF_08_stojící</srcused><procdate Sync="TRUE">20100611</procdate><proctime Sync="TRUE">15261800</proctime></procstep><procstep><procdesc Sync="TRUE">Dataset copied.</procdesc><srcused Sync="TRUE">P:\PRALESY-ZDROJ\LOKALITY\ZF\_Paja_STRM edit 2010 leto\10-06-11 - FINAL po dokresleni novych vyvratu\11_06_10_ZF_08_stojící</srcused><procdate Sync="TRUE">20120209</procdate><proctime Sync="TRUE">08573000</proctime></procstep></lineage></dataqual></metadata>
