<?xml version="1.0"?>
<!--<!DOCTYPE metadata SYSTEM "http://www.esri.com/metadata/esriprof80.dtd">-->
<metadata xml:lang="cs"><Esri><CreaDate>20230201</CreaDate><CreaTime>18065600</CreaTime><SyncOnce>FALSE</SyncOnce><DataProperties><lineage><Process ToolSource="C:\Program Files\ArcGIS\ArcToolbox\Toolboxes\Data Management Tools.tbx\Append" Date="20120210" Time="111553">Append ZF_97_stoji_SDX ZF_97_stoji TEST # # ZF_97_stoji</Process><Process ToolSource="c:\program files\arcgis\desktop10.2\ArcToolbox\Toolboxes\Data Management Tools.tbx\CalculateField" Date="20140326" Time="143603">CalculateField ZF_1997_S_V KUZE_ID "( [STROM_ID]*100)+ [KMEN_ID]" VB #</Process><Process ToolSource="c:\program files\arcgis\desktop10.2\ArcToolbox\Toolboxes\Data Management Tools.tbx\CalculateField" Date="20140331" Time="102817">CalculateField ZF_1997_S_V ID_SK "[STROM_ID] &amp;"_" &amp; [KMEN_ID]" VB #</Process><Process ToolSource="c:\program files\arcgis\desktop10.2\ArcToolbox\Toolboxes\Data Management Tools.tbx\CalculateField" Date="20140331" Time="104003">CalculateField ZF_1997_S_V ID_SK "[STROM_ID] &amp;"_" &amp; [KMEN_ID]" VB #</Process><Process ToolSource="c:\program files\arcgis\desktop10.2\ArcToolbox\Toolboxes\Data Management Tools.tbx\CalculateField" Date="20140401" Time="105920">CalculateField ZF_1997_S_V STROM_ID 202448 VB #</Process><Process ToolSource="c:\program files\arcgis\desktop10.2\ArcToolbox\Toolboxes\Data Management Tools.tbx\CalculateField" Date="20140401" Time="105926">CalculateField ZF_1997_S_V KMEN_ID 2 VB #</Process><Process ToolSource="c:\program files\arcgis\desktop10.2\ArcToolbox\Toolboxes\Data Management Tools.tbx\CalculateField" Date="20140401" Time="114442">CalculateField ZF_1997_S_V ID_SK "[STROM_ID] &amp;"_" &amp; [KMEN_ID]" VB #</Process><Process ToolSource="c:\program files\arcgis\desktop10.2\ArcToolbox\Toolboxes\Data Management Tools.tbx\CalculateField" Date="20140401" Time="115557">CalculateField ZF_1997_S_V KUZE_ID "([STROM_ID]*100)+ [KMEN_ID]" VB #</Process><Process ToolSource="c:\program files\arcgis\desktop10.2\ArcToolbox\Toolboxes\Data Management Tools.tbx\CalculateField" Date="20140402" Time="133734">CalculateField ZF_1997_S_V KUZE_ID "( [STROM_ID]*100)+ [KMEN_ID]" VB #</Process><Process ToolSource="c:\program files\arcgis\desktop10.2\ArcToolbox\Toolboxes\Data Management Tools.tbx\CalculateField" Date="20140403" Time="093407">CalculateField ZF_1997_S_V CH_TVAR "Z" VB #</Process><Process ToolSource="c:\program files\arcgis\desktop10.2\ArcToolbox\Toolboxes\Data Management Tools.tbx\CalculateField" Date="20140403" Time="094551">CalculateField ZF_1997_S_V KUZE_ID "( [STROM_ID] *100)+ [KMEN_ID]" VB #</Process><Process ToolSource="c:\program files\arcgis\desktop10.2\ArcToolbox\Toolboxes\Data Management Tools.tbx\CalculateField" Date="20140408" Time="170839">CalculateField ZF_1997_S_V ID_SK "[STROM_ID] &amp;"_" &amp; [KMEN_ID]" VB #</Process><Process ToolSource="c:\program files\arcgis\desktop10.2\ArcToolbox\Toolboxes\Data Management Tools.tbx\CalculateField" Date="20140408" Time="171024">CalculateField ZF_1997_S_V KUZE_ID "( [STROM_ID]*100)+ [KMEN_ID]" VB #</Process><Process ToolSource="c:\program files\arcgis\desktop10.2\ArcToolbox\Toolboxes\Data Management Tools.tbx\Copy" Date="20140410" Time="131948">Copy D:\Pe\Rehorkova\ZOFIN_SOURCE\VEKTORY_KMENY\ZF_1997_S_V.shp D:\Pe\Rehorkova\ZOFIN_SOURCE\VEKTORY_KMENY\ZF_1997_S_NAROVNANA22.shp ShapeFile</Process><Process ToolSource="c:\program files\arcgis\desktop10.2\ArcToolbox\Toolboxes\Data Management Tools.tbx\CalculateField" Date="20140819" Time="135017">CalculateField ZF_1997_S_NAROVNANA ID_SK "[STROM_ID] &amp;"_" &amp; [KMEN_ID]" VB #</Process><Process ToolSource="c:\program files\arcgis\desktop10.2\ArcToolbox\Toolboxes\Data Management Tools.tbx\CalculateField" Date="20140819" Time="140033">CalculateField ZF_1997_S_NAROVNANA KUZE_ID "( [STROM_ID]*100)+ [KMEN_ID]" VB #</Process><Process ToolSource="c:\program files\arcgis\desktop10.2\ArcToolbox\Toolboxes\Data Management Tools.tbx\CalculateField" Date="20140826" Time="162940">CalculateField ZF_1997_S_NAROVNANA KUZE_ID "( [STROM_ID] *100)+ [KMEN_ID]" VB #</Process><Process ToolSource="c:\program files (x86)\arcgis\desktop10.2\ArcToolbox\Toolboxes\Data Management Tools.tbx\CalculateField" Date="20141009" Time="114018">CalculateField ZF_1997_S_NAROVNANA DR_VTL "[DREVINA] &amp;"_" &amp; [VYCETNI_TL] &amp;"_" &amp; [CH_TVAR]" VB #</Process><Process ToolSource="c:\program files (x86)\arcgis\desktop10.2\ArcToolbox\Toolboxes\Data Management Tools.tbx\CalculateField" Date="20141026" Time="162332">CalculateField ZF_1997_S_NAROVNANA CH_TVAR "X" VB #</Process><Process ToolSource="c:\program files (x86)\arcgis\desktop10.2\ArcToolbox\Toolboxes\Data Management Tools.tbx\CalculateField" Date="20141026" Time="164211">CalculateField ZF_1997_S_NAROVNANA CH_TVAR "X" VB #</Process><Process ToolSource="c:\program files (x86)\arcgis\desktop10.2\ArcToolbox\Toolboxes\Data Management Tools.tbx\CalculateField" Date="20141029" Time="150441">CalculateField ZF_1997_S_NAROVNANA VYSKA 0 VB #</Process><Process ToolSource="c:\program files (x86)\arcgis\desktop10.2\ArcToolbox\Toolboxes\Data Management Tools.tbx\CalculateField" Date="20141029" Time="150538">CalculateField ZF_1997_S_NAROVNANA VYCETNI_TL "[VYCETNI_TL] -15" VB #</Process><Process ToolSource="c:\program files (x86)\arcgis\desktop10.2\ArcToolbox\Toolboxes\Data Management Tools.tbx\CalculateField" Date="20151020" Time="123740">CalculateField ZF_1997_S_NAROVNANA KUZE_ID "( [STROM_ID]*100)+ [KMEN_ID]" VB #</Process><Process ToolSource="c:\program files (x86)\arcgis\desktop10.2\ArcToolbox\Toolboxes\Data Management Tools.tbx\Copy" Date="20151020" Time="130938">Copy D:\PE\Rehorkova\Rehorkova\ZOFIN_SOURCE\VEKTORY_KMENY\ZF_1997_S_NAROVNANA.shp D:\PE\Rehorkova\Rehorkova\ZOFIN_SOURCE\VEKTORY_KMENY\ZF_1997_S_NAROVNANA_2.shp ShapeFile</Process><Process ToolSource="c:\program files (x86)\arcgis\desktop10.3\ArcToolbox\Toolboxes\Data Management Tools.tbx\CalculateField" Date="20160112" Time="125542">CalculateField ZF_1997_S_NAROVNANA_2 KUZE_ID "([STROM_ID] *100)+ [KMEN_ID]" VB #</Process><Process ToolSource="c:\program files (x86)\arcgis\desktop10.3\ArcToolbox\Toolboxes\Data Management Tools.tbx\CalculateField" Date="20160112" Time="125602">CalculateField ZF_1997_S_NAROVNANA_2 CH_POLOHA "S" VB #</Process><Process ToolSource="c:\program files (x86)\arcgis\desktop10.3\ArcToolbox\Toolboxes\Data Management Tools.tbx\CalculateField" Date="20160112" Time="133119">CalculateField ZF_1997_S_NAROVNANA_2 KUZE_ID "( [STROM_ID]*100)+ [KMEN_ID]" VB #</Process><Process ToolSource="c:\program files (x86)\arcgis\desktop10.3\ArcToolbox\Toolboxes\Data Management Tools.tbx\Copy" Date="20160112" Time="142446">Copy D:\PE\Rehorkova\Rehorkova\ZOFIN_SOURCE\VEKTORY_KMENY\ZF_1997_S_NAROVNANA_2Copy2.shp D:\PE\Rehorkova\Rehorkova\ZOFIN_SOURCE\VEKTORY_KMENY\ZF_1997_S_NAROVNANA_2222.shp ShapeFile</Process><Process ToolSource="c:\program files (x86)\arcgis\desktop10.3\ArcToolbox\Toolboxes\Data Management Tools.tbx\Copy" Date="20160112" Time="144801">Copy D:\PE\Rehorkova\Rehorkova\ZOFIN_SOURCE\VEKTORY_KMENY\ZF_1997_S_NAROVNANA_2222.shp D:\PE\Rehorkova\Rehorkova\ZOFIN_SOURCE\VEKTORY_KMENY\ZF_1997_S_NAROVNANA_5555555555.shp ShapeFile</Process><Process ToolSource="c:\program files (x86)\arcgis\desktop10.3\ArcToolbox\Toolboxes\Data Management Tools.tbx\CalculateField" Date="20160112" Time="151847">CalculateField ZF_1997_S_NAROVNANA_2 KUZE_ID "( [STROM_ID]*100)+ [KMEN_ID]" VB #</Process><Process ToolSource="c:\program files (x86)\arcgis\desktop10.3\ArcToolbox\Toolboxes\Data Management Tools.tbx\CalculateField" Date="20160112" Time="171148">CalculateField ZF_1997_S_NAROVNANA_2 ID_SK "[STROM_ID] &amp;"_" &amp; [KMEN_ID]" VB #</Process><Process ToolSource="c:\program files (x86)\arcgis\desktop10.3\ArcToolbox\Toolboxes\Data Management Tools.tbx\CalculateField" Date="20160113" Time="082207">CalculateField ZF_1997_S_NAROVNANA_2 ID_SK "[STROM_ID] &amp;"_" &amp; [KMEN_ID]" VB #</Process><Process ToolSource="c:\program files (x86)\arcgis\desktop10.3\ArcToolbox\Toolboxes\Data Management Tools.tbx\CalculateField" Date="20160113" Time="160421">CalculateField ZF_1997_S_NAROVNANA_2 ID_SK "[STROM_ID] &amp;"_" &amp; [KMEN_ID]" VB #</Process><Process ToolSource="c:\program files (x86)\arcgis\desktop10.3\ArcToolbox\Toolboxes\Data Management Tools.tbx\CalculateField" Date="20160114" Time="162429">CalculateField ZF_1997_S_NAROVNANA_2 ID_SK "[STROM_ID] &amp;"_" &amp; [KMEN_ID]" VB #</Process><Process ToolSource="c:\program files (x86)\arcgis\desktop10.3\ArcToolbox\Toolboxes\Data Management Tools.tbx\CalculateField" Date="20160114" Time="162657">CalculateField ZF_1997_S_NAROVNANA_2 KUZE_ID "([STROM_ID]*100)+ [KMEN_ID]" VB #</Process><Process ToolSource="c:\program files (x86)\arcgis\desktop10.3\ArcToolbox\Toolboxes\Data Management Tools.tbx\CalculateField" Date="20160115" Time="081138">CalculateField ZF_1997_S_NAROVNANA_2 CH_TVAR "M" VB #</Process><Process ToolSource="c:\program files (x86)\arcgis\desktop10.3\ArcToolbox\Toolboxes\Data Management Tools.tbx\CalculateField" Date="20160115" Time="104047">CalculateField ZF_1997_S_NAROVNANA_2 ID_SK "[STROM_ID] &amp;"_" &amp; [KMEN_ID]" VB #</Process><Process ToolSource="c:\program files (x86)\arcgis\desktop10.3\ArcToolbox\Toolboxes\Data Management Tools.tbx\CalculateField" Date="20160115" Time="104405">CalculateField ZF_1997_S_NAROVNANA_2 KUZE_ID ([STROM_ID]*100)+[KMEN_ID] VB #</Process><Process ToolSource="c:\program files (x86)\arcgis\desktop10.3\ArcToolbox\Toolboxes\Data Management Tools.tbx\CalculateField" Date="20160115" Time="110105">CalculateField ZF_1997_S_NAROVNANA_2 CH_POLOHA "S" VB #</Process><Process ToolSource="c:\program files (x86)\arcgis\desktop10.3\ArcToolbox\Toolboxes\Data Management Tools.tbx\CalculateField" Date="20160115" Time="115633">CalculateField ZF_1997_S_NAROVNANA_2 ID_SK "[STROM_ID] &amp;"_" &amp; [KMEN_ID]" VB #</Process><Process ToolSource="c:\program files (x86)\arcgis\desktop10.3\ArcToolbox\Toolboxes\Data Management Tools.tbx\CalculateField" Date="20160115" Time="120221">CalculateField ZF_1997_S_NAROVNANA_2 KUZE_ID "([STROM_ID]*100)+ [KMEN_ID]" VB #</Process><Process ToolSource="c:\program files (x86)\arcgis\desktop10.3\ArcToolbox\Toolboxes\Data Management Tools.tbx\CalculateField" Date="20160115" Time="140146">CalculateField ZF_1997_S_NAROVNANA_2 VYCETNI_TL 23 VB #</Process><Process ToolSource="c:\program files (x86)\arcgis\desktop10.3\ArcToolbox\Toolboxes\Data Management Tools.tbx\CalculateField" Date="20160331" Time="102454">CalculateField ZF_1997_S_NAROVNANA ID_SK "[STROM_ID] &amp;"_" &amp; [KMEN_ID]" VB #</Process><Process ToolSource="c:\program files (x86)\arcgis\desktop10.3\ArcToolbox\Toolboxes\Data Management Tools.tbx\CalculateField" Date="20230210" Time="181255">CalculateField census_1997_point Species "Fagus sylvatica" VB #</Process><Process ToolSource="c:\program files (x86)\arcgis\desktop10.3\ArcToolbox\Toolboxes\Data Management Tools.tbx\CalculateField" Date="20230211" Time="094838">CalculateField census_1997_point TreeID [STROM_ID] VB #</Process><Process ToolSource="c:\program files (x86)\arcgis\desktop10.3\ArcToolbox\Toolboxes\Data Management Tools.tbx\CalculateField" Date="20230211" Time="094847">CalculateField census_1997_point StemID [KMEN_ID] VB #</Process><Process ToolSource="c:\program files (x86)\arcgis\desktop10.3\ArcToolbox\Toolboxes\Data Management Tools.tbx\CalculateField" Date="20230211" Time="094857">CalculateField census_1997_point PieceID "a" VB #</Process><Process ToolSource="c:\program files (x86)\arcgis\desktop10.3\ArcToolbox\Toolboxes\Data Management Tools.tbx\CalculateField" Date="20230211" Time="104640">CalculateField census_1997_point Status "Alive whole standing stem" VB #</Process><Process ToolSource="c:\program files (x86)\arcgis\desktop10.3\ArcToolbox\Toolboxes\Data Management Tools.tbx\CalculateField" Date="20230211" Time="224408">CalculateField census_1997_point DBH_mm [VYCETNI_TL]*10 VB #</Process><Process ToolSource="c:\program files (x86)\arcgis\desktop10.3\ArcToolbox\Toolboxes\Data Management Tools.tbx\CalculateField" Date="20230212" Time="193601">CalculateField census_1997_point Decomposit "N/A" VB #</Process></lineage><itemProps><itemName Sync="TRUE">census_1997_point</itemName><imsContentType Sync="TRUE">002</imsContentType><itemSize Sync="TRUE">0.000</itemSize><itemLocation><linkage Sync="TRUE">file://\\DUSANADAM\D\__zf_pool\wrk2\census_1997_point.shp</linkage><protocol Sync="TRUE">Local Area Network</protocol></itemLocation></itemProps><coordRef><type Sync="TRUE">Projected</type><geogcsn Sync="TRUE">GCS_S_JTSK</geogcsn><csUnits Sync="TRUE">Linear Unit: Meter (1.000000)</csUnits><projcsn Sync="TRUE">S-JTSK_Krovak_East_North</projcsn><peXml Sync="TRUE">&lt;ProjectedCoordinateSystem xsi:type='typens:ProjectedCoordinateSystem' xmlns:xsi='http://www.w3.org/2001/XMLSchema-instance' xmlns:xs='http://www.w3.org/2001/XMLSchema' xmlns:typens='http://www.esri.com/schemas/ArcGIS/10.3'&gt;&lt;WKT&gt;PROJCS[&amp;quot;S-JTSK_Krovak_East_North&amp;quot;,GEOGCS[&amp;quot;GCS_S_JTSK&amp;quot;,DATUM[&amp;quot;D_S_JTSK&amp;quot;,SPHEROID[&amp;quot;Bessel_1841&amp;quot;,6377397.155,299.1528128]],PRIMEM[&amp;quot;Greenwich&amp;quot;,0.0],UNIT[&amp;quot;Degree&amp;quot;,0.0174532925199433]],PROJECTION[&amp;quot;Krovak&amp;quot;],PARAMETER[&amp;quot;False_Easting&amp;quot;,0.0],PARAMETER[&amp;quot;False_Northing&amp;quot;,0.0],PARAMETER[&amp;quot;Pseudo_Standard_Parallel_1&amp;quot;,78.5],PARAMETER[&amp;quot;Scale_Factor&amp;quot;,0.9999],PARAMETER[&amp;quot;Azimuth&amp;quot;,30.28813975277778],PARAMETER[&amp;quot;Longitude_Of_Center&amp;quot;,24.83333333333333],PARAMETER[&amp;quot;Latitude_Of_Center&amp;quot;,49.5],PARAMETER[&amp;quot;X_Scale&amp;quot;,-1.0],PARAMETER[&amp;quot;Y_Scale&amp;quot;,1.0],PARAMETER[&amp;quot;XY_Plane_Rotation&amp;quot;,90.0],UNIT[&amp;quot;Meter&amp;quot;,1.0],AUTHORITY[&amp;quot;EPSG&amp;quot;,5514]]&lt;/WKT&gt;&lt;XOrigin&gt;-33699800&lt;/XOrigin&gt;&lt;YOrigin&gt;-33699800&lt;/YOrigin&gt;&lt;XYScale&gt;133638764.24698351&lt;/XYScale&gt;&lt;ZOrigin&gt;-100000&lt;/ZOrigin&gt;&lt;ZScale&gt;10000&lt;/ZScale&gt;&lt;MOrigin&gt;-100000&lt;/MOrigin&gt;&lt;MScale&gt;10000&lt;/MScale&gt;&lt;XYTolerance&gt;0.001&lt;/XYTolerance&gt;&lt;ZTolerance&gt;0.001&lt;/ZTolerance&gt;&lt;MTolerance&gt;0.001&lt;/MTolerance&gt;&lt;HighPrecision&gt;true&lt;/HighPrecision&gt;&lt;WKID&gt;102067&lt;/WKID&gt;&lt;LatestWKID&gt;5514&lt;/LatestWKID&gt;&lt;/ProjectedCoordinateSystem&gt;</peXml></coordRef><copyHistory><copy source="D:\__zf_pool\gis_diskS\ZF_1997_S_NAROVNANA" dest="\\DUSANADAM\D\__zf_pool\gis_src\ZF_1997_S_NAROVNANA" date="20230201" time="16182500"></copy></copyHistory></DataProperties><SyncDate>20230207</SyncDate><SyncTime>16290300</SyncTime><ModDate>20230207</ModDate><ModTime>16290300</ModTime><ArcGISFormat>1.0</ArcGISFormat></Esri><idinfo><citation><citeinfo><onlink Sync="TRUE">\\PCB14-ADAM\D$\ZF_TOMO_SIGCLA\SPIRALA\ZF_KMENY_STEPANKA_3\ZF_1997_stoji</onlink><origin>REQUIRED: The name of an organization or individual that developed the data set.</origin><pubdate>REQUIRED: The date when the data set is published or otherwise made available for release.</pubdate><title Sync="TRUE">ZF_1997_stoji</title><ftname Sync="TRUE">ZF_1997_stoji</ftname><geoform Sync="TRUE">vector digital data</geoform></citeinfo></citation><native Sync="TRUE">Microsoft Windows XP Version 5.1 (Build 2600) Service Pack 3; ESRI ArcCatalog 9.2.6.1500</native><descript><langdata Sync="TRUE">cs</langdata><abstract>REQUIRED: A brief narrative summary of the data set.</abstract><purpose>REQUIRED: A summary of the intentions with which the data set was developed.</purpose></descript><timeperd><current>REQUIRED: The basis on which the time period of content information is determined.</current><timeinfo><sngdate><caldate>REQUIRED: The year (and optionally month, or month and day) for which the data set corresponds to the ground.</caldate></sngdate></timeinfo></timeperd><status><progress>REQUIRED: The state of the data set.</progress><update>REQUIRED: The frequency with which changes and additions are made to the data set after the initial data set is completed.</update></status><spdom><bounding><westbc Sync="TRUE">14.698341</westbc><eastbc Sync="TRUE">14.714399</eastbc><northbc Sync="TRUE">48.672083</northbc><southbc Sync="TRUE">48.660580</southbc></bounding><lboundng><leftbc Sync="TRUE">-744142.525326</leftbc><rightbc Sync="TRUE">-743103.101151</rightbc><bottombc Sync="TRUE">-1203040.255674</bottombc><topbc Sync="TRUE">-1201888.669685</topbc></lboundng></spdom><keywords><theme><themekt>REQUIRED: Reference to a formally registered thesaurus or a similar authoritative source of theme keywords.</themekt><themekey>REQUIRED: Common-use word or phrase used to describe the subject of the data set.</themekey></theme></keywords><accconst>REQUIRED: Restrictions and legal prerequisites for accessing the data set.</accconst><useconst>REQUIRED: Restrictions and legal prerequisites for using the data set after access is granted.</useconst><natvform Sync="TRUE">Shapefile</natvform></idinfo><distInfo><distributor><distorTran><onLineSrc><linkage Sync="TRUE">file://\\PCB14-ADAM\D$\ZF_TOMO_SIGCLA\SPIRALA\ZF_KMENY_STEPANKA_3\ZF_1997_stoji</linkage><protocol Sync="TRUE">Local Area Network</protocol><orDesc Sync="TRUE">002</orDesc></onLineSrc><transSize Sync="TRUE">0,477</transSize></distorTran><distorFormat><formatName Sync="TRUE">Shapefile</formatName></distorFormat></distributor><distFormat><formatName Sync="TRUE">Shapefile</formatName></distFormat><distTranOps><transSize Sync="TRUE">0.000</transSize></distTranOps></distInfo><dataqual><lineage><procstep><procdesc Sync="TRUE">Dataset copied.</procdesc><srcused Sync="TRUE">D:\PE\paja\VUKOZ-zofin\ZF_75\ZF_97_stojici</srcused><procdate Sync="TRUE">20100510</procdate><proctime Sync="TRUE">08230300</proctime></procstep><procstep><procdesc Sync="TRUE">Dataset copied.</procdesc><srcused Sync="TRUE">D:\PE\paja\VUKOZ-zofin\ZF_75\ZF_97_stojici</srcused><procdate Sync="TRUE">20100512</procdate><proctime Sync="TRUE">08592400</proctime></procstep><procstep><procdesc Sync="TRUE">Dataset copied.</procdesc><srcused Sync="TRUE">D:\PE\paja\VUKOZ-zofin\ZF_75\ZF_97_stojici</srcused><procdate Sync="TRUE">20100514</procdate><proctime Sync="TRUE">09135200</proctime></procstep><procstep><procdesc Sync="TRUE">Dataset copied.</procdesc><srcused Sync="TRUE">D:\PE\paja\ZF_75\ZF_97_stojici</srcused><procdate Sync="TRUE">20100611</procdate><proctime Sync="TRUE">15203500</proctime></procstep><procstep><procdesc Sync="TRUE">Dataset copied.</procdesc><srcused Sync="TRUE">D:\PE\paja\zalohy_paja\11_06_10_ZF_97_stojici</srcused><procdate Sync="TRUE">20100611</procdate><proctime Sync="TRUE">15261700</proctime></procstep><procstep><procdesc Sync="TRUE">Dataset copied.</procdesc><srcused Sync="TRUE">P:\PRALESY-ZDROJ\LOKALITY\ZF\_Paja_STRM edit 2010 leto\10-06-11 - FINAL po dokresleni novych vyvratu\11_06_10_ZF_97_stojici</srcused><procdate Sync="TRUE">20120209</procdate><proctime Sync="TRUE">08573200</proctime></procstep><procstep><procdesc Sync="TRUE">Dataset copied.</procdesc><srcused Sync="TRUE">D:\ZF_TOMO_SIGCLA\SPIRALA\POSLEDNI_VERZE\ZF_1997_stoji</srcused><procdate Sync="TRUE">20131030</procdate><proctime Sync="TRUE">09382600</proctime></procstep></lineage></dataqual><dataIdInfo><envirDesc Sync="TRUE"> Version 6.2 (Build 9200) ; Esri ArcGIS 10.3.0.4284</envirDesc><dataLang><languageCode Sync="TRUE" value="ces"></languageCode><countryCode value="CZE" Sync="TRUE"></countryCode></dataLang><idCitation><resTitle Sync="TRUE">census_1997_point</resTitle><presForm><PresFormCd Sync="TRUE" value="005"></PresFormCd></presForm></idCitation><spatRpType><SpatRepTypCd Sync="TRUE" value="001"></SpatRepTypCd></spatRpType><dataExt><geoEle><GeoBndBox esriExtentType="native"><westBL Sync="TRUE">-744142.525326</westBL><eastBL Sync="TRUE">-743103.101151</eastBL><northBL Sync="TRUE">-1201888.669685</northBL><southBL Sync="TRUE">-1203040.255674</southBL><exTypeCode Sync="TRUE">1</exTypeCode></GeoBndBox></geoEle></dataExt><geoBox esriExtentType="decdegrees"><westBL Sync="TRUE">14.698341</westBL><eastBL Sync="TRUE">14.714399</eastBL><northBL Sync="TRUE">48.672083</northBL><southBL Sync="TRUE">48.66058</southBL><exTypeCode Sync="TRUE">1</exTypeCode></geoBox></dataIdInfo><metainfo><langmeta Sync="TRUE">cs</langmeta><metstdn Sync="TRUE">FGDC Content Standards for Digital Geospatial Metadata</metstdn><metstdv Sync="TRUE">FGDC-STD-001-1998</metstdv><mettc Sync="TRUE">local time</mettc><metc><cntinfo><cntorgp><cntper>REQUIRED: The person responsible for the metadata information.</cntper><cntorg>REQUIRED: The organization responsible for the metadata information.</cntorg></cntorgp><cntaddr><addrtype>REQUIRED: The mailing and/or physical address for the organization or individual.</addrtype><city>REQUIRED: The city of the address.</city><state>REQUIRED: The state or province of the address.</state><postal>REQUIRED: The ZIP or other postal code of the address.</postal></cntaddr><cntvoice>REQUIRED: The telephone number by which individuals can speak to the organization or individual.</cntvoice></cntinfo></metc><metd Sync="TRUE">20130916</metd></metainfo><mdLang><languageCode Sync="TRUE" value="ces"></languageCode><countryCode value="CZE" Sync="TRUE"></countryCode></mdLang><mdStanName Sync="TRUE">ISO 19115 Geographic Information - Metadata</mdStanName><mdStanVer Sync="TRUE">DIS_ESRI1.0</mdStanVer><mdChar><CharSetCd Sync="TRUE" value="004"></CharSetCd></mdChar><mdHrLv><ScopeCd Sync="TRUE" value="005"></ScopeCd></mdHrLv><mdHrLvName Sync="TRUE">dataset</mdHrLvName><distinfo><resdesc Sync="TRUE">Downloadable Data</resdesc><stdorder><digform><digtinfo><transize Sync="TRUE">0,477</transize><dssize Sync="TRUE">0,477</dssize></digtinfo></digform></stdorder></distinfo><spdoinfo><direct Sync="TRUE">Vector</direct><ptvctinf><esriterm Name="census_1997_point"><efeatyp Sync="TRUE">Simple</efeatyp><efeageom code="1" Sync="TRUE"></efeageom><esritopo Sync="TRUE">FALSE</esritopo><efeacnt Sync="TRUE">0</efeacnt><spindex Sync="TRUE">FALSE</spindex><linrefer Sync="TRUE">FALSE</linrefer></esriterm></ptvctinf></spdoinfo><spref><horizsys><cordsysn><geogcsn Sync="TRUE">GCS_S_JTSK</geogcsn><projcsn Sync="TRUE">S-JTSK_Krovak_East_North</projcsn></cordsysn><planar><planci><plance Sync="TRUE">coordinate pair</plance><plandu Sync="TRUE">meters</plandu><coordrep><absres Sync="TRUE">0.000000</absres><ordres Sync="TRUE">0.000000</ordres></coordrep></planci></planar><geodetic><horizdn Sync="TRUE">D_S_JTSK</horizdn><ellips Sync="TRUE">Bessel_1841</ellips><semiaxis Sync="TRUE">6377397.155000</semiaxis><denflat Sync="TRUE">299.152813</denflat></geodetic></horizsys></spref><refSysInfo><RefSystem><refSysID><identCode Sync="TRUE" code="5514">S-JTSK_Krovak_East_North</identCode><idCodeSpace Sync="TRUE">EPSG</idCodeSpace><idVersion Sync="TRUE">8.2.6</idVersion></refSysID></RefSystem></refSysInfo><spatRepInfo><VectSpatRep><geometObjs Name="census_1997_point"><geoObjTyp><GeoObjTypCd value="004" Sync="TRUE"></GeoObjTypCd></geoObjTyp><geoObjCnt Sync="TRUE">0</geoObjCnt></geometObjs><topLvl><TopoLevCd value="001" Sync="TRUE"></TopoLevCd></topLvl></VectSpatRep></spatRepInfo><eainfo><detailed Name="census_1997_point"><enttyp><enttypl Sync="TRUE">census_1997_point</enttypl><enttypt Sync="TRUE">Feature Class</enttypt><enttypc Sync="TRUE">0</enttypc></enttyp><attr><attrlabl Sync="TRUE">FID</attrlabl><attalias Sync="TRUE">FID</attalias><attrtype Sync="TRUE">OID</attrtype><attwidth Sync="TRUE">4</attwidth><atprecis Sync="TRUE">0</atprecis><attscale Sync="TRUE">0</attscale><attrdef Sync="TRUE">Internal feature number.</attrdef><attrdefs Sync="TRUE">ESRI</attrdefs><attrdomv><udom Sync="TRUE">Sequential unique whole numbers that are automatically generated.</udom></attrdomv></attr><attr><attrlabl Sync="TRUE">Shape</attrlabl><attalias Sync="TRUE">Shape</attalias><attrtype Sync="TRUE">Geometry</attrtype><attwidth Sync="TRUE">0</attwidth><atprecis Sync="TRUE">0</atprecis><attscale Sync="TRUE">0</attscale><attrdef Sync="TRUE">Feature geometry.</attrdef><attrdefs Sync="TRUE">ESRI</attrdefs><attrdomv><udom Sync="TRUE">Coordinates defining the features.</udom></attrdomv></attr><attr><attrlabl Sync="TRUE">DREVINA</attrlabl><attalias Sync="TRUE">DREVINA</attalias><attrtype Sync="TRUE">String</attrtype><attwidth Sync="TRUE">4</attwidth><atprecis Sync="TRUE">0</atprecis><attscale Sync="TRUE">0</attscale></attr><attr><attrlabl Sync="TRUE">VYSKA</attrlabl><attalias Sync="TRUE">VYSKA</attalias><attrtype Sync="TRUE">Single</attrtype><attwidth Sync="TRUE">4</attwidth><atprecis Sync="TRUE">3</atprecis><attscale Sync="TRUE">1</attscale></attr><attr><attrlabl Sync="TRUE">STROM_ID</attrlabl><attalias Sync="TRUE">STROM_ID</attalias><attrtype Sync="TRUE">Integer</attrtype><attwidth Sync="TRUE">6</attwidth><atprecis Sync="TRUE">6</atprecis><attscale Sync="TRUE">0</attscale></attr><attr><attrlabl Sync="TRUE">CH_TVAR</attrlabl><attalias Sync="TRUE">CH_TVAR</attalias><attrtype Sync="TRUE">String</attrtype><attwidth Sync="TRUE">1</attwidth><atprecis Sync="TRUE">0</atprecis><attscale Sync="TRUE">0</attscale></attr><attr><attrlabl Sync="TRUE">KMEN_ID</attrlabl><attalias Sync="TRUE">KMEN_ID</attalias><attrtype Sync="TRUE">SmallInteger</attrtype><attwidth Sync="TRUE">2</attwidth><atprecis Sync="TRUE">2</atprecis><attscale Sync="TRUE">0</attscale></attr><attr><attrlabl Sync="TRUE">VYCETNI_TL</attrlabl><attalias Sync="TRUE">VYCETNI_TL</attalias><attrtype Sync="TRUE">SmallInteger</attrtype><attwidth Sync="TRUE">3</attwidth><atprecis Sync="TRUE">3</atprecis><attscale Sync="TRUE">0</attscale></attr></detailed></eainfo><mdDateSt Sync="TRUE">20230207</mdDateSt></metadata>
