<?xml version="1.0"?>
<!--<!DOCTYPE metadata SYSTEM "http://www.esri.com/metadata/esriprof80.dtd">-->
<metadata xml:lang="cs"><Esri><CreaDate>20230201</CreaDate><CreaTime>18170700</CreaTime><SyncOnce>FALSE</SyncOnce><DataProperties><itemProps><itemName Sync="TRUE">census_1975_line</itemName><imsContentType Sync="TRUE">002</imsContentType><itemSize Sync="TRUE">0.000</itemSize><itemLocation><linkage Sync="TRUE">file://\\DUSANADAM\D\__zf_pool\wrk\wrk2\census_1975_line.shp</linkage><protocol Sync="TRUE">Local Area Network</protocol></itemLocation></itemProps><coordRef><type Sync="TRUE">Projected</type><geogcsn Sync="TRUE">GCS_S_JTSK</geogcsn><csUnits Sync="TRUE">Linear Unit: Meter (1.000000)</csUnits><projcsn Sync="TRUE">S-JTSK_Krovak_East_North</projcsn><peXml Sync="TRUE">&lt;ProjectedCoordinateSystem xsi:type='typens:ProjectedCoordinateSystem' xmlns:xsi='http://www.w3.org/2001/XMLSchema-instance' xmlns:xs='http://www.w3.org/2001/XMLSchema' xmlns:typens='http://www.esri.com/schemas/ArcGIS/10.3'&gt;&lt;WKT&gt;PROJCS[&amp;quot;S-JTSK_Krovak_East_North&amp;quot;,GEOGCS[&amp;quot;GCS_S_JTSK&amp;quot;,DATUM[&amp;quot;D_S_JTSK&amp;quot;,SPHEROID[&amp;quot;Bessel_1841&amp;quot;,6377397.155,299.1528128]],PRIMEM[&amp;quot;Greenwich&amp;quot;,0.0],UNIT[&amp;quot;Degree&amp;quot;,0.0174532925199433]],PROJECTION[&amp;quot;Krovak&amp;quot;],PARAMETER[&amp;quot;False_Easting&amp;quot;,0.0],PARAMETER[&amp;quot;False_Northing&amp;quot;,0.0],PARAMETER[&amp;quot;Pseudo_Standard_Parallel_1&amp;quot;,78.5],PARAMETER[&amp;quot;Scale_Factor&amp;quot;,0.9999],PARAMETER[&amp;quot;Azimuth&amp;quot;,30.28813975277778],PARAMETER[&amp;quot;Longitude_Of_Center&amp;quot;,24.83333333333333],PARAMETER[&amp;quot;Latitude_Of_Center&amp;quot;,49.5],PARAMETER[&amp;quot;X_Scale&amp;quot;,-1.0],PARAMETER[&amp;quot;Y_Scale&amp;quot;,1.0],PARAMETER[&amp;quot;XY_Plane_Rotation&amp;quot;,90.0],UNIT[&amp;quot;Meter&amp;quot;,1.0],AUTHORITY[&amp;quot;EPSG&amp;quot;,5514]]&lt;/WKT&gt;&lt;XOrigin&gt;-33699800&lt;/XOrigin&gt;&lt;YOrigin&gt;-33699800&lt;/YOrigin&gt;&lt;XYScale&gt;133638764.24698351&lt;/XYScale&gt;&lt;ZOrigin&gt;-100000&lt;/ZOrigin&gt;&lt;ZScale&gt;10000&lt;/ZScale&gt;&lt;MOrigin&gt;-100000&lt;/MOrigin&gt;&lt;MScale&gt;10000&lt;/MScale&gt;&lt;XYTolerance&gt;0.001&lt;/XYTolerance&gt;&lt;ZTolerance&gt;0.001&lt;/ZTolerance&gt;&lt;MTolerance&gt;0.001&lt;/MTolerance&gt;&lt;HighPrecision&gt;true&lt;/HighPrecision&gt;&lt;WKID&gt;102067&lt;/WKID&gt;&lt;LatestWKID&gt;5514&lt;/LatestWKID&gt;&lt;/ProjectedCoordinateSystem&gt;</peXml></coordRef><lineage><Process ToolSource="c:\program files\arcgis\desktop10.2\ArcToolbox\Toolboxes\Data Management Tools.tbx\CalculateField" Date="20140327" Time="134439">CalculateField ZF_1975_L_V AZIMUT UHEL_S VB "Dim UHEL_S\nDim LineEndX\nDim LineEndY\nDim LineStartX\nDim LineStartY\nLineEndY=[Y_end]\nLineEndX=[X_end]\nLineStartX=[X_start]\nLineStartY=[Y_start]\nPI=4*Atn(1)\nIf (LineEndY&gt;LineStartY) AND (LineEndX&gt;LineStartX) then\nUHEL_S=(ATN((LineEndX-LineStartX)/(LineEndY-LineStartY))+(0*PI/2))*(180/PI)\nEnd If\nIf (LineEndY&lt;LineStartY) AND (LineEndX&gt;LineStartX) then\nUHEL_S=(ATN((LineEndY-LineStartY)/(LineStartX-LineEndX))+(1*PI/2))*(180/PI)\nEnd If\nIf (LineEndY&lt;LineStartY) AND (LineStartX&gt;LineEndX) then\nUHEL_S=(ATN((LineStartX-LineEndX)/(LineStartY-LineEndY))+(2*PI/2))*(180/PI)\nEnd If\nIf (LineEndY&gt;LineStartY) AND (LineStartX&gt;LineEndX) then\nUHEL_S=(ATN((LineStartY-LineEndY)/(LineEndX-LineStartX))+(3*PI/2))*(180/PI)\nEnd If"</Process><Process ToolSource="c:\program files\arcgis\desktop10.2\ArcToolbox\Toolboxes\Data Management Tools.tbx\CalculateField" Date="20140327" Time="134743">CalculateField ZF_1975_L_V KUZE_ID "( [STROM_ID]*100)+ [KMEN_ID]" VB #</Process><Process ToolSource="c:\program files\arcgis\desktop10.2\ArcToolbox\Toolboxes\Data Management Tools.tbx\CalculateField" Date="20140328" Time="105439">CalculateField ZF_1975_L_V ID_SK "[STROM_ID] &amp;"_" &amp; [KMEN_ID]" VB #</Process><Process ToolSource="c:\program files\arcgis\desktop10.2\ArcToolbox\Toolboxes\Data Management Tools.tbx\CalculateField" Date="20140328" Time="105716">CalculateField ZF_1975_L_V KUZE_ID "( [STROM_ID]*100)+ [KMEN_ID]" VB #</Process><Process ToolSource="c:\program files\arcgis\desktop10.2\ArcToolbox\Toolboxes\Data Management Tools.tbx\CalculateField" Date="20140328" Time="144622">CalculateField ZF_1975_L_V ID_SK "[STROM_ID] &amp;"_" &amp; [KMEN_ID]" VB #</Process><Process ToolSource="c:\program files\arcgis\desktop10.2\ArcToolbox\Toolboxes\Data Management Tools.tbx\CalculateField" Date="20140401" Time="114659">CalculateField ZF_1975_L_V ID_SK "[STROM_ID] &amp;"_" &amp; [KMEN_ID]" VB #</Process><Process ToolSource="c:\program files\arcgis\desktop10.2\ArcToolbox\Toolboxes\Data Management Tools.tbx\CalculateField" Date="20140401" Time="115631">CalculateField ZF_1975_L_V KUZE_ID "([STROM_ID]*100)+ [KMEN_ID]" VB #</Process><Process ToolSource="c:\program files\arcgis\desktop10.2\ArcToolbox\Toolboxes\Data Management Tools.tbx\CalculateField" Date="20140402" Time="133023">CalculateField ZF_1975_L_V AZIMUT UHEL_S VB "Dim UHEL_S\nDim LineEndX\nDim LineEndY\nDim LineStartX\nDim LineStartY\nLineEndY = [Y_end]\nLineEndX = [X_end]\nLineStartX = [X_start]\nLineStartY = [Y_start]\nPI=4*Atn(1) \nIf (LineEndY&gt;LineStartY) AND (LineEndX&gt;LineStartX) then\nUHEL_S=(ATN((LineEndX-LineStartX)/(LineEndY-LineStartY))+(0*PI/2))*(180/PI)\nEnd If\nIf (LineEndY&lt;LineStartY) AND (LineEndX&gt;LineStartX) then\nUHEL_S=(ATN((LineEndY-LineStartY)/(LineStartX-LineEndX))+(1*PI/2))*(180/PI)\nEnd If\nIf (LineEndY&lt;LineStartY) AND (LineStartX&gt;LineEndX) then\nUHEL_S=(ATN((LineStartX-LineEndX)/(LineStartY-LineEndY))+(2*PI/2))*(180/PI)\nEnd If\nIf (LineEndY&gt;LineStartY) AND (LineStartX&gt;LineEndX) then\nUHEL_S=(ATN((LineStartY-LineEndY)/(LineEndX-LineStartX))+(3*PI/2))*(180/PI)\nEnd If"</Process><Process ToolSource="c:\program files\arcgis\desktop10.2\ArcToolbox\Toolboxes\Data Management Tools.tbx\CalculateField" Date="20140402" Time="133637">CalculateField ZF_1975_L_V KUZE_ID "( [STROM_ID]*100)+ [KMEN_ID]" VB #</Process><Process ToolSource="c:\program files\arcgis\desktop10.2\ArcToolbox\Toolboxes\Data Management Tools.tbx\CalculateField" Date="20140403" Time="084113">CalculateField ZF_1975_L_V DELKA_ROZ 0 VB #</Process><Process ToolSource="c:\program files\arcgis\desktop10.2\ArcToolbox\Toolboxes\Data Management Tools.tbx\CalculateField" Date="20140403" Time="094633">CalculateField ZF_1975_L_V KUZE_ID "( [STROM_ID] *100)+ [KMEN_ID]" VB #</Process><Process ToolSource="c:\program files\arcgis\desktop10.2\ArcToolbox\Toolboxes\Data Management Tools.tbx\Copy" Date="20140403" Time="115919">Copy D:\Pe\Rehorkova\ZOFIN_SOURCE\VEKTORY_KMENY\ZF_1975_L_V.shp D:\Pe\Rehorkova\ZOFIN_SOURCE\VEKTORY_KMENY\ZF_1975_L_NAROVNANA.shp ShapeFile</Process><Process ToolSource="c:\program files\arcgis\desktop10.2\ArcToolbox\Toolboxes\Data Management Tools.tbx\CalculateField" Date="20140408" Time="170729">CalculateField ZF_1975_L_NAROVNANA ID_SK "[STROM_ID] &amp;"_" &amp; [KMEN_ID]" VB #</Process><Process ToolSource="c:\program files\arcgis\desktop10.2\ArcToolbox\Toolboxes\Data Management Tools.tbx\CalculateField" Date="20140408" Time="171115">CalculateField ZF_1975_L_NAROVNANA KUZE_ID "( [STROM_ID]*100)+ [KMEN_ID]" VB #</Process><Process ToolSource="c:\program files\arcgis\desktop10.2\ArcToolbox\Toolboxes\Data Management Tools.tbx\CalculateField" Date="20140819" Time="135205">CalculateField ZF_1975_L_NAROVNANA ID_SK "[STROM_ID] &amp;"_" &amp; [KMEN_ID]" VB #</Process><Process ToolSource="c:\program files\arcgis\desktop10.2\ArcToolbox\Toolboxes\Data Management Tools.tbx\CalculateField" Date="20140819" Time="135239">CalculateField ZF_1975_L_NAROVNANA KUZE_ID "( [STROM_ID]*100)+ [KMEN_ID]" VB #</Process><Process ToolSource="c:\program files (x86)\arcgis\desktop10.2\ArcToolbox\Toolboxes\Data Management Tools.tbx\CalculateField" Date="20151021" Time="105752">CalculateField ZF_1975_L_NAROVNANA KUZE_ID "( [STROM_ID] *100)+ [KMEN_ID]" VB #</Process><Process ToolSource="c:\program files (x86)\arcgis\desktop10.2\ArcToolbox\Toolboxes\Data Management Tools.tbx\Copy" Date="20151021" Time="143231">Copy D:\PE\Rehorkova\Rehorkova\ZOFIN_SOURCE\VEKTORY_KMENY\ZF_1975_L_NAROVNANA.shp D:\PE\Rehorkova\Rehorkova\ZOFIN_SOURCE\VEKTORY_KMENY\ZF_1975_L_NAROVNANA_7.shp ShapeFile</Process><Process ToolSource="c:\program files (x86)\arcgis\desktop10.3\ArcToolbox\Toolboxes\Data Management Tools.tbx\CalculateField" Date="20160113" Time="082119">CalculateField ZF_1975_L_NAROVNANA ID_SK "[STROM_ID] &amp;"_" &amp; [KMEN_ID]" VB #</Process><Process ToolSource="c:\program files (x86)\arcgis\desktop10.3\ArcToolbox\Toolboxes\Data Management Tools.tbx\CalculateField" Date="20160113" Time="161011">CalculateField ZF_1975_L_NAROVNANA ID_SK "[STROM_ID] &amp;"_" &amp; [KMEN_ID]" VB #</Process><Process ToolSource="c:\program files (x86)\arcgis\desktop10.3\ArcToolbox\Toolboxes\Data Management Tools.tbx\CalculateField" Date="20160114" Time="162529">CalculateField ZF_1975_L_NAROVNANA ID_SK "[STROM_ID] &amp;"_" &amp; [KMEN_ID]" VB #</Process><Process ToolSource="c:\program files (x86)\arcgis\desktop10.3\ArcToolbox\Toolboxes\Data Management Tools.tbx\CalculateField" Date="20160114" Time="162604">CalculateField ZF_1975_L_NAROVNANA KUZE_ID "([STROM_ID]*100)+ [KMEN_ID]" VB #</Process><Process ToolSource="c:\program files (x86)\arcgis\desktop10.3\ArcToolbox\Toolboxes\Data Management Tools.tbx\CalculateField" Date="20160114" Time="163315">CalculateField ZF_1975_L_NAROVNANA CH_POLOHA "L" VB #</Process><Process ToolSource="c:\program files (x86)\arcgis\desktop10.3\ArcToolbox\Toolboxes\Data Management Tools.tbx\CalculateField" Date="20160115" Time="104255">CalculateField ZF_1975_L_NAROVNANA ID_SK "[STROM_ID] &amp;"_" &amp; [KMEN_ID]" VB #</Process><Process ToolSource="c:\program files (x86)\arcgis\desktop10.3\ArcToolbox\Toolboxes\Data Management Tools.tbx\CalculateField" Date="20160115" Time="104327">CalculateField ZF_1975_L_NAROVNANA KUZE_ID ([STROM_ID]*100)+[KMEN_ID] VB #</Process><Process ToolSource="c:\program files (x86)\arcgis\desktop10.3\ArcToolbox\Toolboxes\Data Management Tools.tbx\CalculateField" Date="20160115" Time="120123">CalculateField ZF_1975_L_NAROVNANA ID_SK "[STROM_ID] &amp;"_" &amp; [KMEN_ID]" VB #</Process><Process ToolSource="c:\program files (x86)\arcgis\desktop10.3\ArcToolbox\Toolboxes\Data Management Tools.tbx\CalculateField" Date="20160115" Time="120143">CalculateField ZF_1975_L_NAROVNANA KUZE_ID "([STROM_ID]*100)+ [KMEN_ID]" VB #</Process><Process ToolSource="c:\program files (x86)\arcgis\desktop10.3\ArcToolbox\Toolboxes\Data Management Tools.tbx\CalculateField" Date="20160331" Time="102548">CalculateField ZF_1975_L_NAROVNANA ID_SK "[STROM_ID] &amp;"_" &amp; [KMEN_ID]" VB #</Process><Process ToolSource="c:\program files (x86)\arcgis\desktop10.3\ArcToolbox\Toolboxes\Data Management Tools.tbx\CalculateField" Date="20230210" Time="181305">CalculateField census_1975_line Species "Fagus sylvatica" VB #</Process><Process ToolSource="c:\program files (x86)\arcgis\desktop10.3\ArcToolbox\Toolboxes\Data Management Tools.tbx\CalculateField" Date="20230211" Time="094740">CalculateField census_1975_line TreeID [STROM_ID] VB #</Process><Process ToolSource="c:\program files (x86)\arcgis\desktop10.3\ArcToolbox\Toolboxes\Data Management Tools.tbx\CalculateField" Date="20230211" Time="094755">CalculateField census_1975_line StemID 1 VB #</Process><Process ToolSource="c:\program files (x86)\arcgis\desktop10.3\ArcToolbox\Toolboxes\Data Management Tools.tbx\CalculateField" Date="20230211" Time="094802">CalculateField census_1975_line PieceID "b" VB #</Process><Process ToolSource="c:\program files (x86)\arcgis\desktop10.3\ArcToolbox\Toolboxes\Data Management Tools.tbx\CalculateField" Date="20230211" Time="224428">CalculateField census_1975_line Diamet1_mm [VYCETNI_TL]*10 VB #</Process><Process ToolSource="c:\program files (x86)\arcgis\desktop10.3\ArcToolbox\Toolboxes\Data Management Tools.tbx\CalculateField" Date="20230211" Time="224512">CalculateField census_1975_line Diamet2_mm [VRCHOL_TL]*10 VB #</Process></lineage><copyHistory><copy source="D:\__zf_pool\gis_diskS\ZF_1975_L_NAROVNANA" dest="\\DUSANADAM\D\__zf_pool\gis_src\ZF_1975_L_NAROVNANA" date="20230201" time="16182400"></copy></copyHistory></DataProperties><SyncDate>20230207</SyncDate><SyncTime>16261300</SyncTime><ModDate>20230207</ModDate><ModTime>16261300</ModTime><ArcGISFormat>1.0</ArcGISFormat></Esri><idinfo><citation><citeinfo><onlink Sync="TRUE">\\PCB14-ADAM\D$\ZF_TOMO_SIGCLA\SPIRALA\ZF_KMENY_STEPANKA_3\ZF_1975_lezi</onlink></citeinfo></citation></idinfo><distInfo><distributor><distorTran><onLineSrc><linkage Sync="TRUE">file://\\PCB14-ADAM\D$\ZF_TOMO_SIGCLA\SPIRALA\ZF_KMENY_STEPANKA_3\ZF_1975_lezi</linkage><protocol Sync="TRUE">Local Area Network</protocol></onLineSrc></distorTran></distributor><distFormat><formatName Sync="TRUE">Shapefile</formatName></distFormat><distTranOps><transSize Sync="TRUE">0.000</transSize></distTranOps></distInfo><dataqual><lineage><procstep><procdesc Sync="TRUE">Dataset copied.</procdesc><srcused Sync="TRUE">D:\PE\paja\VUKOZ-zofin\ZF_75\ZF_75_lezici_test</srcused><procdate Sync="TRUE">20100510</procdate><proctime Sync="TRUE">08230300</proctime></procstep><procstep><procdesc Sync="TRUE">Dataset copied.</procdesc><srcused Sync="TRUE">D:\PE\paja\VUKOZ-zofin\ZF_75\ZF_75_lezici_test</srcused><procdate Sync="TRUE">20100512</procdate><proctime Sync="TRUE">08592400</proctime></procstep><procstep><procdesc Sync="TRUE">Dataset copied.</procdesc><srcused Sync="TRUE">D:\PE\paja\VUKOZ-zofin\ZF_75\ZF_75_lezici_test</srcused><procdate Sync="TRUE">20100514</procdate><proctime Sync="TRUE">09135100</proctime></procstep><procstep><procdesc Sync="TRUE">Dataset copied.</procdesc><srcused Sync="TRUE">D:\PE\paja\ZF_75\ZF_75_lezici_test</srcused><procdate Sync="TRUE">20100611</procdate><proctime Sync="TRUE">15203400</proctime></procstep><procstep><procdesc Sync="TRUE">Dataset copied.</procdesc><srcused Sync="TRUE">D:\PE\paja\zalohy_paja\11_06_10_ZF_75_lezici_test</srcused><procdate Sync="TRUE">20100611</procdate><proctime Sync="TRUE">15261700</proctime></procstep><procstep><procdesc Sync="TRUE">Dataset copied.</procdesc><srcused Sync="TRUE">P:\PRALESY-ZDROJ\LOKALITY\ZF\_Paja_STRM edit 2010 leto\10-06-11 - FINAL po dokresleni novych vyvratu\11_06_10_ZF_75_lezici_test</srcused><procdate Sync="TRUE">20120209</procdate><proctime Sync="TRUE">08573000</proctime></procstep><procstep><procdesc Sync="TRUE">Dataset copied.</procdesc><srcused Sync="TRUE">D:\ZF_TOMO_SIGCLA\SPIRALA\POSLEDNI_VERZE\ZF_1975_lezi</srcused><procdate Sync="TRUE">20131030</procdate><proctime Sync="TRUE">09382500</proctime></procstep></lineage></dataqual><dataIdInfo><envirDesc Sync="TRUE"> Version 6.2 (Build 9200) ; Esri ArcGIS 10.3.0.4284</envirDesc><dataLang><languageCode value="ces" Sync="TRUE"></languageCode><countryCode value="CZE" Sync="TRUE"></countryCode></dataLang><idCitation><resTitle Sync="TRUE">census_1975_line</resTitle><presForm><PresFormCd value="005" Sync="TRUE"></PresFormCd></presForm></idCitation><spatRpType><SpatRepTypCd value="001" Sync="TRUE"></SpatRepTypCd></spatRpType></dataIdInfo><mdLang><languageCode value="ces" Sync="TRUE"></languageCode><countryCode value="CZE" Sync="TRUE"></countryCode></mdLang><mdHrLv><ScopeCd value="005" Sync="TRUE"></ScopeCd></mdHrLv><mdHrLvName Sync="TRUE">dataset</mdHrLvName><refSysInfo><RefSystem><refSysID><identCode code="5514" Sync="TRUE"></identCode><idCodeSpace Sync="TRUE">EPSG</idCodeSpace><idVersion Sync="TRUE">8.2.6</idVersion></refSysID></RefSystem></refSysInfo><spatRepInfo><VectSpatRep><geometObjs Name="census_1975_line"><geoObjTyp><GeoObjTypCd value="002" Sync="TRUE"></GeoObjTypCd></geoObjTyp><geoObjCnt Sync="TRUE">0</geoObjCnt></geometObjs><topLvl><TopoLevCd value="001" Sync="TRUE"></TopoLevCd></topLvl></VectSpatRep></spatRepInfo><spdoinfo><ptvctinf><esriterm Name="census_1975_line"><efeatyp Sync="TRUE">Simple</efeatyp><efeageom code="3" Sync="TRUE"></efeageom><esritopo Sync="TRUE">FALSE</esritopo><efeacnt Sync="TRUE">0</efeacnt><spindex Sync="TRUE">FALSE</spindex><linrefer Sync="TRUE">FALSE</linrefer></esriterm></ptvctinf></spdoinfo><eainfo><detailed Name="census_1975_line"><enttyp><enttypl Sync="TRUE">census_1975_line</enttypl><enttypt Sync="TRUE">Feature Class</enttypt><enttypc Sync="TRUE">0</enttypc></enttyp><attr><attrlabl Sync="TRUE">FID</attrlabl><attalias Sync="TRUE">FID</attalias><attrtype Sync="TRUE">OID</attrtype><attwidth Sync="TRUE">4</attwidth><atprecis Sync="TRUE">0</atprecis><attscale Sync="TRUE">0</attscale><attrdef Sync="TRUE">Internal feature number.</attrdef><attrdefs Sync="TRUE">Esri</attrdefs><attrdomv><udom Sync="TRUE">Sequential unique whole numbers that are automatically generated.</udom></attrdomv></attr><attr><attrlabl Sync="TRUE">Shape</attrlabl><attalias Sync="TRUE">Shape</attalias><attrtype Sync="TRUE">Geometry</attrtype><attwidth Sync="TRUE">0</attwidth><atprecis Sync="TRUE">0</atprecis><attscale Sync="TRUE">0</attscale><attrdef Sync="TRUE">Feature geometry.</attrdef><attrdefs Sync="TRUE">Esri</attrdefs><attrdomv><udom Sync="TRUE">Coordinates defining the features.</udom></attrdomv></attr><attr><attrlabl Sync="TRUE">STROM_ID</attrlabl><attalias Sync="TRUE">STROM_ID</attalias><attrtype Sync="TRUE">Integer</attrtype><attwidth Sync="TRUE">6</attwidth><atprecis Sync="TRUE">6</atprecis><attscale Sync="TRUE">0</attscale></attr><attr><attrlabl Sync="TRUE">KMEN_ID</attrlabl><attalias Sync="TRUE">KMEN_ID</attalias><attrtype Sync="TRUE">SmallInteger</attrtype><attwidth Sync="TRUE">2</attwidth><atprecis Sync="TRUE">2</atprecis><attscale Sync="TRUE">0</attscale></attr><attr><attrlabl Sync="TRUE">DREVINA</attrlabl><attalias Sync="TRUE">DREVINA</attalias><attrtype Sync="TRUE">String</attrtype><attwidth Sync="TRUE">4</attwidth><atprecis Sync="TRUE">0</atprecis><attscale Sync="TRUE">0</attscale></attr><attr><attrlabl Sync="TRUE">CH_TVAR</attrlabl><attalias Sync="TRUE">CH_TVAR</attalias><attrtype Sync="TRUE">String</attrtype><attwidth Sync="TRUE">1</attwidth><atprecis Sync="TRUE">0</atprecis><attscale Sync="TRUE">0</attscale></attr><attr><attrlabl Sync="TRUE">CH_ROZKLAD</attrlabl><attalias Sync="TRUE">CH_ROZKLAD</attalias><attrtype Sync="TRUE">String</attrtype><attwidth Sync="TRUE">1</attwidth><atprecis Sync="TRUE">0</atprecis><attscale Sync="TRUE">0</attscale></attr><attr><attrlabl Sync="TRUE">VYCETNI_TL</attrlabl><attalias Sync="TRUE">VYCETNI_TL</attalias><attrtype Sync="TRUE">SmallInteger</attrtype><attwidth Sync="TRUE">3</attwidth><atprecis Sync="TRUE">3</atprecis><attscale Sync="TRUE">0</attscale></attr><attr><attrlabl Sync="TRUE">VRCHOL_TL</attrlabl><attalias Sync="TRUE">VRCHOL_TL</attalias><attrtype Sync="TRUE">SmallInteger</attrtype><attwidth Sync="TRUE">3</attwidth><atprecis Sync="TRUE">3</atprecis><attscale Sync="TRUE">0</attscale></attr></detailed></eainfo><mdDateSt Sync="TRUE">20230207</mdDateSt></metadata>
